0,1,2,3,4,5,6,7,8,9,10,11,12,13,14,15,16,17,18,19,20
62,0,1,0,0,0,0,0,1,0,0,1,0,0,1,0,0,0,1,0,1.0
36,0,1,1,0,1,0,1,0,0,0,1,0,0,1,0,0,0,1,0,1.0
27,3,1,0,0,0,37,1,0,0,0,1,1,0,0,0,0,0,0,1,1.0
46,3,1,0,0,0,14,0,1,0,0,1,0,0,1,0,0,0,1,0,1.0
22,1,1,1,0,1,0,0,0,1,0,1,0,0,1,0,0,0,1,0,0.0
37,14,1,0,0,0,1,1,0,0,0,1,1,0,0,0,0,0,1,0,1.0
36,1,1,0,0,0,0,1,0,0,1,0,1,0,0,0,0,0,0,1,1.0
55,0,1,0,0,0,0,0,1,0,0,1,0,0,0,1,0,0,0,1,0.0
42,1,1,0,0,0,1,1,0,0,0,1,1,0,0,0,0,0,1,0,1.0
54,6,0,0,0,0,0,0,1,0,0,1,0,0,1,0,0,0,1,0,1.0
26,2,22,1,0,1,0,1,0,0,1,0,0,0,1,0,0,0,1,0,0.0
32,0,500,1,0,1,2,1,0,0,0,1,0,0,1,0,0,0,1,0,1.0
55,5,1,1,0,1,118,0,1,0,0,1,1,0,0,0,0,0,1,0,1.0
43,1,1,1,0,1,69,1,0,0,0,1,0,0,1,0,0,0,1,0,1.0
25,0,256,0,0,0,0,1,0,0,0,1,0,0,1,0,0,0,0,1,0.0
45,0,3,1,0,1,1,0,1,0,0,1,1,0,0,0,0,0,1,0,1.0
32,1,1,0,0,0,98,1,0,0,0,1,1,0,0,0,0,0,1,0,1.0
28,1,90,0,0,0,48,1,0,0,0,1,1,0,0,0,0,0,1,0,1.0
38,2,1,1,0,1,9,1,0,0,0,1,0,0,1,0,0,0,1,0,0.0
24,2,49,1,0,1,2,0,0,1,0,1,0,0,0,0,0,1,0,1,1.0
60,2,0,0,0,0,0,0,1,0,0,1,1,0,0,0,0,0,1,0,1.0
26,3,305,0,0,0,1,1,0,0,1,0,1,0,0,0,0,0,0,1,1.0
29,16,1,1,0,1,33,1,0,0,0,1,1,0,0,0,0,0,1,0,1.0
42,3,0,1,0,1,1,1,0,0,0,1,0,0,1,0,0,0,1,0,0.0
27,4,0,1,0,1,0,1,0,0,0,1,1,0,0,0,0,0,1,0,0.0
38,4,0,0,0,0,1,1,0,0,0,1,1,0,0,0,0,0,1,0,1.0
29,6,1,1,0,1,39,1,0,0,0,1,1,0,0,0,0,0,1,0,0.0
21,0,0,0,0,0,77,0,0,1,1,0,1,0,0,0,0,0,1,0,1.0
56,9,1,0,0,0,0,0,1,0,0,1,1,0,0,0,0,0,1,0,1.0
60,0,1,0,0,0,0,0,1,0,1,0,0,0,1,0,0,0,0,1,1.0
28,13,1,1,0,1,1,1,0,0,0,1,1,0,0,0,0,0,1,0,0.0
21,4,1,0,0,0,60,0,0,1,0,1,1,0,0,0,0,0,1,0,0.0
33,9,0,0,0,0,0,1,0,0,0,1,0,0,1,0,0,0,1,0,1.0
63,0,0,0,0,0,0,0,1,0,0,1,0,0,1,0,0,0,0,1,0.0
22,0,1,0,0,0,0,0,0,1,1,0,0,0,0,1,0,0,0,1,1.0
56,0,1,0,0,0,6,0,1,0,0,1,1,0,0,0,0,0,1,0,0.0
35,7,1,1,0,1,2,1,0,0,1,0,1,0,0,0,0,0,1,0,1.0
19,0,1,1,0,1,1,0,0,1,1,0,0,0,1,0,0,0,1,0,1.0
22,0,1,1,1,1,0,0,0,1,0,1,1,0,0,0,0,0,0,1,1.0
56,1,0,0,0,0,15,0,1,0,0,1,0,0,1,0,0,0,1,0,0.0
27,3,1,0,0,0,1,1,0,0,0,1,1,0,0,0,0,0,0,1,0.0
27,8,1,1,1,1,25,1,0,0,0,1,1,0,0,0,0,0,1,0,1.0
49,2,1,1,0,1,91,0,1,0,0,1,0,0,1,0,0,0,1,0,1.0
55,12,40,0,0,0,28,0,1,0,0,1,1,0,0,0,0,0,1,0,0.0
52,0,1,0,0,0,0,0,1,0,1,0,0,0,1,0,0,0,0,1,1.0
24,4,40,1,0,0,40,0,0,1,0,1,0,0,0,0,0,1,1,0,1.0
21,1,81,1,1,1,0,0,0,1,1,0,1,0,0,0,0,0,1,0,1.0
58,3,4,0,0,0,1,0,1,0,0,1,0,0,1,0,0,0,0,1,1.0
34,1,1,0,0,0,0,1,0,0,0,1,0,0,1,0,0,0,0,1,1.0
24,2,1,0,0,0,3,0,0,1,0,1,1,0,0,0,0,0,0,1,1.0
22,1,1,1,0,1,5,0,0,1,0,1,1,0,0,0,0,0,1,0,1.0
30,18,1,1,0,1,61,1,0,0,0,1,1,0,0,0,0,0,1,0,1.0
23,6,1,1,0,1,0,0,0,1,0,1,0,0,1,0,0,0,1,0,1.0
22,0,0,0,0,0,3,0,0,1,0,1,0,0,1,0,0,0,1,0,1.0
37,2,1,1,0,1,1,1,0,0,1,0,0,0,1,0,0,0,1,0,1.0
27,5,76,1,1,1,203,1,0,0,0,1,1,0,0,0,0,0,1,0,1.0
51,5,0,0,0,0,4,0,1,0,0,1,1,0,0,0,0,0,0,1,1.0
54,1,4,0,0,0,3,0,1,0,1,0,0,0,1,0,0,0,0,1,1.0
32,1,15,0,0,0,15,1,0,0,0,1,0,0,0,0,0,1,1,0,1.0
26,0,2,0,0,0,0,1,0,0,1,0,0,0,1,0,0,0,0,1,1.0
32,7,1,1,1,1,0,1,0,0,0,1,1,0,0,0,0,0,1,0,1.0
27,4,300,1,0,1,0,1,0,0,0,1,1,0,0,0,0,0,0,1,1.0
37,0,1,0,0,0,0,1,0,0,1,0,1,0,0,0,0,0,1,0,1.0
29,0,0,0,0,0,1,1,0,0,0,1,1,0,0,0,0,0,0,1,0.0
43,3,1,0,0,0,1,1,0,0,0,1,0,0,0,0,0,1,1,0,1.0
30,2,1,1,0,1,1,1,0,0,0,1,1,0,0,0,0,0,1,0,1.0
50,15,1,0,0,0,1,0,1,0,0,1,1,0,0,0,0,0,0,1,0.0
51,1,1,0,0,0,1,0,1,0,0,1,0,0,1,0,0,0,0,1,0.0
34,16,1,1,0,1,1,1,0,0,0,1,1,0,0,0,0,0,1,0,0.0
28,5,1,0,0,0,1,1,0,0,0,1,1,0,0,0,0,0,0,1,0.0
24,0,1,0,0,0,0,0,0,1,1,0,1,0,0,0,0,0,1,0,0.0
32,1,1,1,1,1,0,1,0,0,1,0,0,0,1,0,0,0,0,1,1.0
47,13,0,1,0,1,0,0,1,0,0,1,1,0,0,0,0,0,1,0,1.0
33,4,56,0,0,0,56,1,0,0,0,1,0,0,1,0,0,0,1,0,1.0
35,5,1,1,1,1,225,1,0,0,0,1,1,0,0,0,0,0,1,0,1.0
28,2,1,0,0,0,1,1,0,0,0,1,0,0,0,0,0,1,0,1,0.0
27,6,1026,1,0,0,14,1,0,0,0,1,0,0,0,1,0,0,1,0,1.0
37,3,14,0,0,0,6,1,0,0,0,1,0,0,1,0,0,0,1,0,1.0
26,4,649,0,0,0,75,1,0,0,0,1,1,0,0,0,0,0,0,1,0.0
37,1,1,0,0,0,1,1,0,0,0,1,0,0,1,0,0,0,0,1,1.0
37,1,139,0,0,0,36,1,0,0,0,1,1,0,0,0,0,0,1,0,0.0
28,4,0,0,0,0,0,1,0,0,0,1,1,0,0,0,0,0,1,0,1.0
34,0,0,0,0,0,0,1,0,0,0,1,0,0,1,0,0,0,0,1,1.0
35,22,0,1,1,1,2,1,0,0,0,1,1,0,0,0,0,0,1,0,0.0
25,1,1,1,1,1,0,1,0,0,0,1,1,0,0,0,0,0,1,0,1.0
37,2,0,0,0,0,0,1,0,0,0,1,1,0,0,0,0,0,1,0,0.0
40,0,1,1,0,1,8,1,0,0,0,1,0,0,1,0,0,0,1,0,0.0
36,1,1,0,0,0,0,1,0,0,0,1,0,0,1,0,0,0,0,1,0.0
31,1,1,1,1,1,36,1,0,0,0,1,0,0,1,0,0,0,1,0,1.0
66,5,40,1,0,1,25,0,1,0,0,1,1,0,0,0,0,0,0,1,1.0
25,3,1,1,0,1,80,1,0,0,0,1,1,0,0,0,0,0,0,1,1.0
25,4,0,1,0,1,33,1,0,0,0,1,0,0,1,0,0,0,1,0,1.0
26,1,0,0,0,0,0,1,0,0,0,1,0,0,0,1,0,0,1,0,1.0
39,1,1,0,0,0,7,1,0,0,1,0,0,0,1,0,0,0,1,0,0.0
37,0,5,0,0,0,0,1,0,0,0,1,0,0,1,0,0,0,1,0,0.0
26,4,1,1,0,1,0,1,0,0,0,1,1,0,0,0,0,0,1,0,1.0
23,1,0,1,1,1,0,0,0,1,0,1,1,0,0,0,0,0,1,0,1.0
22,1,1,1,0,1,1,0,0,1,0,1,0,0,0,1,0,0,1,0,1.0
33,0,1,0,0,0,0,1,0,0,0,1,1,0,0,0,0,0,0,1,1.0
37,0,0,0,0,0,0,1,0,0,0,1,0,0,1,0,0,0,1,0,0.0
33,0,0,1,0,1,0,1,0,0,0,1,0,0,1,0,0,0,0,1,1.0
35,5,1,0,0,0,0,1,0,0,1,0,1,0,0,0,0,0,1,0,1.0
24,0,1,1,0,1,1,0,0,1,0,1,1,0,0,0,0,0,1,0,1.0
25,21,14,1,0,1,2,1,0,0,0,1,1,0,0,0,0,0,1,0,1.0
28,14,29,1,1,1,20,1,0,0,0,1,1,0,0,0,0,0,0,1,1.0
29,7,67,1,1,1,45,1,0,0,0,1,0,0,1,0,0,0,0,1,0.0
50,0,1,0,0,0,2,0,1,0,0,1,1,0,0,0,0,0,1,0,1.0
37,11,1,0,0,0,1,1,0,0,0,1,0,0,0,0,0,1,1,0,0.0
36,11,1,1,0,1,36,1,0,0,0,1,1,0,0,0,0,0,1,0,1.0
25,2,86,0,0,0,1,1,0,0,1,0,1,0,0,0,0,0,1,0,0.0
21,0,0,0,0,0,0,0,0,1,0,1,0,0,0,1,0,0,0,1,1.0
29,0,1,0,0,0,1,1,0,0,0,1,1,0,0,0,0,0,0,1,1.0
36,1,550,1,0,1,219,1,0,0,0,1,1,0,0,0,0,0,1,0,1.0
42,5,186,1,0,1,0,1,0,0,0,1,1,0,0,0,0,0,1,0,1.0
23,0,1,1,0,1,0,0,0,1,0,1,1,0,0,0,0,0,1,0,1.0
37,4,0,0,0,0,0,1,0,0,0,1,0,0,1,0,0,0,0,1,1.0
34,1,1,1,0,1,12,1,0,0,1,0,0,0,1,0,0,0,1,0,1.0
20,1,1,1,0,1,13,0,0,1,0,1,0,0,1,0,0,0,1,0,1.0
29,0,1,0,0,0,0,1,0,0,1,0,1,0,0,0,0,0,1,0,1.0
30,4,1,0,0,0,5,1,0,0,0,1,1,0,0,0,0,0,0,1,1.0
28,2,1,1,0,1,2,1,0,0,0,1,1,0,0,0,0,0,1,0,1.0
31,2,0,1,0,1,33,1,0,0,0,1,0,0,1,0,0,0,0,1,1.0
60,1,18,0,0,0,18,0,1,0,0,1,0,0,0,1,0,0,1,0,1.0
55,1,1,0,0,0,9,0,1,0,0,1,1,0,0,0,0,0,1,0,1.0
23,2,9,1,0,1,7,0,0,1,0,1,1,0,0,0,0,0,1,0,0.0
21,1,1,1,0,1,0,0,0,1,0,1,0,0,0,0,0,1,1,0,1.0
40,1,1,0,0,0,1,1,0,0,0,1,1,0,0,0,0,0,0,1,0.0
40,1,1,0,0,0,1,1,0,0,0,1,0,0,1,0,0,0,0,1,1.0
28,7,1,1,0,1,77,1,0,0,0,1,1,0,0,0,0,0,1,0,0.0
44,0,1,1,0,1,1,1,0,0,0,1,0,0,1,0,0,0,0,1,0.0
20,1,1,1,0,1,5,0,0,1,0,1,1,0,0,0,0,0,1,0,1.0
25,7,1,1,1,1,20,1,0,0,0,1,1,0,0,0,0,0,1,0,1.0
34,13,1,1,1,1,18,1,0,0,0,1,0,0,1,0,0,0,1,0,1.0
36,17,1,1,0,1,15,1,0,0,0,1,1,0,0,0,0,0,1,0,0.0
26,5,1,1,0,1,1,1,0,0,0,1,0,0,1,0,0,0,1,0,0.0
32,8,4,1,0,1,0,1,0,0,0,1,0,0,1,0,0,0,1,0,0.0
37,10,1,1,0,1,0,1,0,0,0,1,1,0,0,0,0,0,1,0,1.0
59,1,1,0,0,0,0,0,1,0,0,1,0,0,0,0,0,1,1,0,0.0
38,0,1,0,0,0,0,1,0,0,0,1,0,0,1,0,0,0,1,0,1.0
30,5,1,0,0,0,0,1,0,0,0,1,1,0,0,0,0,0,0,1,1.0
34,1,1,0,0,0,0,1,0,0,0,1,1,0,0,0,0,0,0,1,1.0
39,2,1,0,0,0,0,1,0,0,0,1,0,0,1,0,0,0,0,1,1.0
34,0,1,1,1,1,33,1,0,0,0,1,1,0,0,0,0,0,1,0,1.0
33,7,1,1,1,1,116,1,0,0,0,1,0,0,0,0,0,1,1,0,0.0
23,0,1,0,0,0,0,0,0,1,0,1,1,0,0,0,0,0,1,0,1.0
68,2,150,0,0,0,0,0,1,0,0,1,0,0,1,0,0,0,1,0,0.0
26,5,1,1,0,1,1,1,0,0,1,0,1,0,0,0,0,0,1,0,1.0
25,0,1,0,0,0,0,1,0,0,1,0,1,0,0,0,0,0,0,1,0.0
44,0,0,0,0,0,0,1,0,0,0,1,0,0,0,1,0,0,0,1,0.0
21,2,1,0,0,0,1,0,0,1,1,0,1,0,0,0,0,0,1,0,1.0
51,0,1,0,0,0,1,0,1,0,0,1,0,0,1,0,0,0,0,1,1.0
38,2,0,0,0,0,8,1,0,0,0,1,0,1,0,0,0,0,1,0,0.0
42,0,0,0,0,0,0,1,0,0,0,1,0,0,1,0,0,0,0,1,1.0
26,2,1,1,0,1,1,1,0,0,0,1,1,0,0,0,0,0,1,0,0.0
22,1,0,1,0,1,0,0,0,1,0,1,1,0,0,0,0,0,1,0,1.0
22,0,1,0,0,0,1,0,0,1,0,1,0,0,1,0,0,0,1,0,1.0
28,3,1,1,0,1,1,1,0,0,0,1,1,0,0,0,0,0,0,1,0.0
24,7,125,1,0,1,125,0,0,1,1,0,0,0,1,0,0,0,0,1,0.0
51,1,30,0,0,0,1,0,1,0,1,0,0,0,1,0,0,0,0,1,1.0
33,3,90,1,0,1,88,1,0,0,0,1,0,0,1,0,0,0,1,0,1.0
35,1,1,1,0,1,0,1,0,0,0,1,0,0,0,1,0,0,0,1,0.0
27,1,0,0,0,0,6,1,0,0,0,1,1,0,0,0,0,0,1,0,0.0
44,6,1,1,1,1,270,1,0,0,0,1,0,0,1,0,0,0,1,0,1.0
23,0,521,0,0,0,7,0,0,1,0,1,0,0,1,0,0,0,1,0,0.0
24,0,0,1,0,0,0,0,0,1,0,1,1,0,0,0,0,0,1,0,1.0
29,2,0,0,0,0,160,1,0,0,0,1,1,0,0,0,0,0,1,0,1.0
28,3,62,1,0,1,0,1,0,0,0,1,0,0,1,0,0,0,0,1,1.0
35,4,1,0,0,0,0,1,0,0,0,1,1,0,0,0,0,0,0,1,0.0
46,0,0,0,0,0,0,0,1,0,0,1,0,0,0,0,0,1,1,0,0.0
38,9,1,1,1,1,1,1,0,0,0,1,1,0,0,0,0,0,1,0,1.0
30,6,1,1,1,1,2,1,0,0,0,1,1,0,0,0,0,0,1,0,0.0
27,27,0,1,1,1,0,1,0,0,0,1,1,0,0,0,0,0,0,1,1.0
50,9,1,0,0,0,0,0,1,0,0,1,1,0,0,0,0,0,1,0,1.0
26,6,0,0,0,0,10,1,0,0,0,1,1,0,0,0,0,0,0,1,0.0
33,9,1,1,0,1,1,1,0,0,0,1,1,0,0,0,0,0,0,1,1.0
22,0,1,1,0,1,149,0,0,1,0,1,1,0,0,0,0,0,1,0,0.0
34,3,1,0,0,0,1,1,0,0,0,1,1,0,0,0,0,0,1,0,1.0
46,0,1,0,0,0,1,0,1,0,0,1,0,0,0,1,0,0,1,0,1.0
47,7,1,1,1,1,57,0,1,0,0,1,1,0,0,0,0,0,1,0,1.0
36,2,1,1,0,1,2,1,0,0,0,1,1,0,0,0,0,0,1,0,1.0
32,17,1,1,0,1,112,1,0,0,0,1,1,0,0,0,0,0,1,0,1.0
44,1,0,1,0,1,0,1,0,0,0,1,0,0,1,0,0,0,0,1,1.0
22,0,3,0,0,0,1,0,0,1,0,1,0,0,1,0,0,0,1,0,1.0
30,2,1,0,0,0,0,1,0,0,0,1,0,0,0,0,0,1,1,0,0.0
38,14,1,0,0,0,0,1,0,0,0,1,1,0,0,0,0,0,1,0,1.0
25,13,1,1,0,1,5,1,0,0,0,1,0,0,1,0,0,0,1,0,1.0
53,0,1,0,0,0,0,0,1,0,0,1,0,0,1,0,0,0,1,0,1.0
22,11,0,1,1,1,0,0,0,1,0,1,1,0,0,0,0,0,1,0,1.0
51,4,26,1,0,0,7,0,1,0,0,1,1,0,0,0,0,0,0,1,1.0
47,0,1,1,0,1,0,0,1,0,0,1,1,0,0,0,0,0,0,1,0.0
58,12,1,1,0,1,3,0,1,0,0,1,1,0,0,0,0,0,0,1,1.0
20,2,1,1,0,1,0,0,0,1,0,1,1,0,0,0,0,0,1,0,1.0
30,5,1,1,0,1,180,1,0,0,0,1,1,0,0,0,0,0,1,0,1.0
26,0,1,0,0,0,0,1,0,0,0,1,1,0,0,0,0,0,1,0,1.0
38,0,1,1,0,1,1,1,0,0,1,0,0,0,1,0,0,0,1,0,1.0
41,0,0,0,0,0,1,1,0,0,1,0,1,0,0,0,0,0,0,1,1.0
26,4,0,1,0,1,0,1,0,0,0,1,1,0,0,0,0,0,1,0,0.0
32,2,61,1,0,1,28,1,0,0,0,1,0,0,1,0,0,0,1,0,0.0
28,3,264,0,0,0,76,1,0,0,0,1,1,0,0,0,0,0,0,1,1.0
23,4,1,1,0,1,0,0,0,1,0,1,0,0,1,0,0,0,0,1,1.0
23,0,1,0,0,0,3,0,0,1,0,1,1,0,0,0,0,0,0,1,1.0
36,0,0,0,0,0,0,1,0,0,1,0,0,0,0,1,0,0,0,1,1.0
22,2,1,0,0,0,0,0,0,1,1,0,0,0,1,0,0,0,1,0,1.0
40,0,1,0,0,0,0,1,0,0,0,1,0,0,1,0,0,0,1,0,0.0
51,8,1,1,0,1,1,0,1,0,0,1,0,0,1,0,0,0,1,0,1.0
22,0,1,1,0,1,1,0,0,1,0,1,0,0,1,0,0,0,0,1,1.0
27,8,23,1,0,0,3,1,0,0,1,0,1,0,0,0,0,0,1,0,1.0
27,0,0,0,0,0,5,1,0,0,1,0,0,0,1,0,0,0,1,0,1.0
27,1,1,0,0,0,1,1,0,0,0,1,0,0,1,0,0,0,1,0,1.0
21,2,1,0,0,0,2,0,0,1,0,1,0,0,1,0,0,0,1,0,1.0
45,0,1,1,0,1,0,0,1,0,0,1,1,0,0,0,0,0,1,0,1.0
28,0,1,1,1,1,1,1,0,0,0,1,0,0,1,0,0,0,0,1,1.0
24,1,1,0,0,0,1,0,0,1,0,1,1,0,0,0,0,0,0,1,1.0
37,8,1,1,0,1,1,1,0,0,0,1,1,0,0,0,0,0,1,0,0.0
31,9,1,1,0,1,0,1,0,0,0,1,1,0,0,0,0,0,0,1,1.0
35,2,1,0,0,0,1,1,0,0,0,1,0,0,1,0,0,0,1,0,1.0
31,10,3,0,0,0,1,1,0,0,1,0,1,0,0,0,0,0,1,0,1.0
35,2,14,0,0,0,13,1,0,0,0,1,0,0,0,1,0,0,1,0,1.0
27,0,1,0,0,0,1,1,0,0,0,1,0,0,1,0,0,0,0,1,1.0
38,0,0,0,0,0,0,1,0,0,0,1,0,0,0,1,0,0,0,1,1.0
42,1,118,0,0,0,118,1,0,0,0,1,0,0,0,1,0,0,1,0,1.0
50,2,1,1,1,1,0,0,1,0,0,1,0,0,1,0,0,0,0,1,0.0
69,5,3,0,0,0,1,0,1,0,1,0,0,0,1,0,0,0,1,0,1.0
27,3,1,0,0,0,12,1,0,0,0,1,1,0,0,0,0,0,1,0,1.0
26,4,0,1,0,1,0,1,0,0,0,1,1,0,0,0,0,0,1,0,0.0
27,2,1,1,0,1,39,1,0,0,0,1,1,0,0,0,0,0,1,0,1.0
24,0,0,1,0,1,0,0,0,1,0,1,0,0,0,1,0,0,1,0,1.0
52,7,1,0,0,0,0,0,1,0,0,1,1,0,0,0,0,0,0,1,1.0
26,3,1,1,0,1,0,1,0,0,1,0,1,0,0,0,0,0,1,0,1.0
34,17,1,1,0,1,39,1,0,0,0,1,0,0,0,1,0,0,1,0,1.0
34,19,1,0,0,0,1,1,0,0,0,1,1,0,0,0,0,0,0,1,0.0
39,4,0,0,0,0,40,1,0,0,0,1,1,0,0,0,0,0,1,0,1.0
25,1,0,0,0,0,0,1,0,0,0,1,1,0,0,0,0,0,1,0,1.0
31,0,1,1,0,1,1,1,0,0,1,0,1,0,0,0,0,0,1,0,1.0
46,0,0,0,0,0,0,0,1,0,0,1,0,0,1,0,0,0,1,0,1.0
21,0,1,0,0,0,3,0,0,1,0,1,1,0,0,0,0,0,0,1,1.0
53,0,1,0,0,0,1,0,1,0,1,0,1,0,0,0,0,0,1,0,1.0
27,4,1,0,0,0,1,1,0,0,0,1,1,0,0,0,0,0,0,1,1.0
36,6,126,0,0,0,2,1,0,0,0,1,0,0,1,0,0,0,1,0,1.0
23,0,1,0,0,0,0,0,0,1,0,1,1,0,0,0,0,0,0,1,1.0
27,3,1,0,0,0,0,1,0,0,1,0,0,0,1,0,0,0,1,0,1.0
29,2,2,1,0,0,1,1,0,0,0,1,0,0,1,0,0,0,0,1,1.0
70,0,1,0,0,0,1,0,1,0,0,1,1,0,0,0,0,0,0,1,0.0
48,0,1,0,0,0,1,0,1,0,0,1,0,0,0,0,0,1,0,1,1.0
20,0,1,1,0,1,25,0,0,1,0,1,0,0,0,1,0,0,1,0,0.0
26,1,1,1,0,0,7,1,0,0,0,1,1,0,0,0,0,0,0,1,1.0
27,0,1,0,0,0,1,1,0,0,0,1,1,0,0,0,0,0,0,1,1.0
26,4,52,1,1,0,19,1,0,0,0,1,0,0,1,0,0,0,0,1,0.0
57,20,0,1,0,1,33,0,1,0,0,1,1,0,0,0,0,0,1,0,1.0
33,0,1,0,0,0,0,1,0,0,1,0,0,0,1,0,0,0,0,1,1.0
49,0,1,0,0,0,1,0,1,0,1,0,0,0,0,0,0,1,0,1,1.0
33,2,1,0,0,0,2,1,0,0,1,0,0,0,0,1,0,0,0,1,1.0
29,6,236,1,0,1,1,1,0,0,0,1,1,0,0,0,0,0,1,0,1.0
24,2,0,1,0,1,3,0,0,1,1,0,1,0,0,0,0,0,1,0,1.0
38,0,0,0,0,0,0,1,0,0,1,0,0,0,1,0,0,0,0,1,1.0
40,23,30,1,1,1,31,1,0,0,0,1,1,0,0,0,0,0,0,1,1.0
23,0,1,0,0,0,1,0,0,1,0,1,0,0,0,1,0,0,0,1,1.0
28,1,0,1,0,1,0,1,0,0,0,1,1,0,0,0,0,0,1,0,0.0
35,7,1,0,0,0,195,1,0,0,0,1,1,0,0,0,0,0,1,0,0.0
25,1,1,1,1,1,58,1,0,0,0,1,0,0,0,0,0,1,0,1,1.0
31,16,1,1,0,1,52,1,0,0,0,1,1,0,0,0,0,0,1,0,1.0
48,0,1,0,0,0,1,0,1,0,0,1,1,0,0,0,0,0,1,0,0.0
24,3,1,0,0,0,0,0,0,1,1,0,1,0,0,0,0,0,1,0,0.0
34,1,1,0,0,0,0,1,0,0,0,1,0,0,0,1,0,0,0,1,1.0
29,1,0,1,0,1,0,1,0,0,0,1,1,0,0,0,0,0,0,1,1.0
44,8,1,1,0,1,4,1,0,0,0,1,0,0,1,0,0,0,0,1,0.0
21,2,0,1,0,1,86,0,0,1,0,1,1,0,0,0,0,0,1,0,1.0
25,5,1,0,0,0,1,1,0,0,0,1,1,0,0,0,0,0,0,1,1.0
37,1,1,1,0,1,0,1,0,0,0,1,0,0,0,1,0,0,1,0,0.0
23,1,1,1,0,1,2,0,0,1,0,1,1,0,0,0,0,0,1,0,1.0
22,3,1,0,0,0,2,0,0,1,0,1,0,0,0,0,0,1,1,0,0.0
43,5,0,0,0,0,14,1,0,0,0,1,1,0,0,0,0,0,0,1,1.0
25,0,0,0,0,0,0,1,0,0,0,1,0,0,1,0,0,0,1,0,1.0
31,11,0,1,0,1,0,1,0,0,0,1,1,0,0,0,0,0,1,0,1.0
51,3,1,0,0,0,16,0,1,0,0,1,0,0,1,0,0,0,1,0,1.0
28,0,2,1,0,1,0,1,0,0,0,1,1,0,0,0,0,0,0,1,0.0
27,5,12,0,0,0,2,1,0,0,0,1,0,0,1,0,0,0,0,1,1.0
23,0,1,1,0,0,0,0,0,1,1,0,1,0,0,0,0,0,1,0,1.0
41,1,38,0,0,0,29,1,0,0,0,1,0,0,0,1,0,0,0,1,1.0
24,3,1,1,0,1,1,0,0,1,0,1,0,0,1,0,0,0,1,0,1.0
42,5,1,0,0,0,2,1,0,0,0,1,1,0,0,0,0,0,1,0,0.0
61,0,0,0,0,0,1,0,1,0,0,1,0,0,1,0,0,0,0,1,1.0
31,3,1,1,0,0,0,1,0,0,0,1,0,0,0,0,0,1,1,0,1.0
26,6,81,0,0,0,12,1,0,0,0,1,0,0,1,0,0,0,0,1,0.0
35,1,1,0,0,0,1,1,0,0,0,1,0,0,1,0,0,0,1,0,1.0
45,3,1,0,0,0,0,0,1,0,1,0,1,0,0,0,0,0,1,0,1.0
44,11,1,1,1,1,1,1,0,0,0,1,1,0,0,0,0,0,1,0,1.0
36,3,1,1,0,1,1,1,0,0,0,1,1,0,0,0,0,0,1,0,0.0
22,0,1,0,0,0,1,0,0,1,0,1,0,0,0,1,0,0,1,0,1.0
37,4,0,0,0,0,92,1,0,0,0,1,1,0,0,0,0,0,1,0,1.0
23,1,1,0,0,0,9,0,0,1,0,1,0,0,1,0,0,0,0,1,1.0
51,2,39,1,0,1,6,0,1,0,1,0,0,0,1,0,0,0,1,0,0.0
34,0,0,0,0,0,14,1,0,0,0,1,0,0,1,0,0,0,1,0,0.0
28,3,1,1,0,1,0,1,0,0,0,1,0,0,1,0,0,0,0,1,1.0
31,4,0,1,0,1,4,1,0,0,0,1,1,0,0,0,0,0,1,0,0.0
49,7,1,1,0,1,3,0,1,0,0,1,0,0,0,0,0,1,1,0,0.0
30,1,1,1,0,1,2,1,0,0,0,1,0,0,0,0,0,1,1,0,1.0
31,0,1,0,0,0,1,1,0,0,0,1,1,0,0,0,0,0,1,0,1.0
28,9,1,1,0,1,16,1,0,0,0,1,1,0,0,0,0,0,1,0,0.0
55,0,1,0,0,0,0,0,1,0,1,0,0,0,1,0,0,0,0,1,0.0
24,1,137,0,0,0,137,0,0,1,0,1,1,0,0,0,0,0,1,0,1.0
36,3,1,0,0,0,0,1,0,0,0,1,0,0,1,0,0,0,0,1,1.0
46,0,0,1,0,1,0,0,1,0,0,1,1,0,0,0,0,0,1,0,1.0
37,12,74,0,0,0,25,1,0,0,0,1,1,0,0,0,0,0,1,0,1.0
22,7,11,1,0,1,11,0,0,1,0,1,1,0,0,0,0,0,1,0,0.0
25,15,1,1,1,1,2,1,0,0,0,1,1,0,0,0,0,0,1,0,1.0
53,9,1,1,0,1,130,0,1,0,0,1,0,0,0,1,0,0,1,0,1.0
67,0,1,0,0,0,1,0,1,0,1,0,1,0,0,0,0,0,1,0,0.0
31,11,0,1,0,1,11,1,0,0,0,1,0,0,1,0,0,0,1,0,0.0
22,1,1,0,0,0,0,0,0,1,0,1,0,0,1,0,0,0,1,0,0.0
36,1,1,1,1,1,0,1,0,0,0,1,1,0,0,0,0,0,0,1,1.0
29,1,3,1,0,1,0,1,0,0,0,1,0,0,1,0,0,0,1,0,1.0
40,0,1,0,0,0,1,1,0,0,0,1,1,0,0,0,0,0,1,0,1.0
33,9,1,1,0,1,2,1,0,0,0,1,1,0,0,0,0,0,0,1,1.0
36,16,8,1,0,1,8,1,0,0,0,1,1,0,0,0,0,0,1,0,1.0
51,7,1,1,1,1,14,0,1,0,0,1,0,0,1,0,0,0,1,0,0.0
28,0,0,0,0,0,0,1,0,0,1,0,1,0,0,0,0,0,0,1,1.0
31,6,1,1,0,1,1,1,0,0,0,1,1,0,0,0,0,0,1,0,0.0
69,0,3,0,0,0,0,0,1,0,0,1,0,0,1,0,0,0,0,1,1.0
21,0,1,1,0,1,1,0,0,1,1,0,1,0,0,0,0,0,1,0,1.0
25,3,1,1,0,1,5,1,0,0,0,1,1,0,0,0,0,0,1,0,1.0
23,0,1,1,0,1,7,0,0,1,0,1,0,0,1,0,0,0,1,0,1.0
61,8,22,1,0,1,0,0,1,0,0,1,1,0,0,0,0,0,1,0,0.0
28,9,1,1,0,0,36,1,0,0,0,1,0,1,0,0,0,0,1,0,0.0
26,8,1,1,0,1,26,1,0,0,0,1,1,0,0,0,0,0,0,1,1.0
23,5,1,1,1,1,1,0,0,1,0,1,1,0,0,0,0,0,1,0,1.0
24,0,1,0,0,0,0,0,0,1,0,1,1,0,0,0,0,0,0,1,0.0
27,10,1,1,0,1,1,1,0,0,0,1,1,0,0,0,0,0,1,0,0.0
24,6,0,1,0,1,1,0,0,1,0,1,1,0,0,0,0,0,1,0,0.0
22,1,1,0,0,0,0,0,0,1,1,0,0,0,1,0,0,0,0,1,0.0
39,2,0,0,0,0,1,1,0,0,0,1,0,0,1,0,0,0,0,1,1.0
48,2,0,0,0,0,1,0,1,0,0,1,1,0,0,0,0,0,1,0,1.0
30,10,0,1,0,1,0,1,0,0,1,0,1,0,0,0,0,0,1,0,1.0
44,0,1,1,0,1,21,1,0,0,0,1,0,0,1,0,0,0,1,0,0.0
49,4,0,1,1,1,17,0,1,0,0,1,0,0,1,0,0,0,0,1,1.0
21,2,1,1,0,1,28,0,0,1,0,1,1,0,0,0,0,0,1,0,1.0
29,2,1,1,1,1,1,1,0,0,0,1,1,0,0,0,0,0,1,0,0.0
38,2,43,1,1,1,6,1,0,0,0,1,1,0,0,0,0,0,0,1,0.0
29,0,1,0,0,0,0,1,0,0,0,1,0,1,0,0,0,0,1,0,1.0
25,0,0,0,0,0,0,1,0,0,0,1,1,0,0,0,0,0,1,0,1.0
30,9,0,1,0,1,50,1,0,0,0,1,1,0,0,0,0,0,1,0,0.0
27,5,1,1,0,1,4,1,0,0,0,1,1,0,0,0,0,0,1,0,1.0
29,8,1,1,0,1,0,1,0,0,0,1,1,0,0,0,0,0,0,1,1.0
53,0,0,1,0,0,0,0,1,0,0,1,0,0,1,0,0,0,1,0,1.0
37,2,1,0,0,0,1,1,0,0,1,0,0,0,0,0,0,1,0,1,1.0
29,0,0,0,0,0,0,1,0,0,1,0,0,0,0,1,0,0,1,0,0.0
30,0,1,1,0,1,1,1,0,0,0,1,1,0,0,0,0,0,1,0,1.0
34,15,1,0,0,0,1,1,0,0,0,1,0,0,1,0,0,0,1,0,1.0
24,1,1,1,0,1,3,0,0,1,0,1,0,0,1,0,0,0,1,0,1.0
24,10,251,0,0,0,0,0,0,1,0,1,1,0,0,0,0,0,0,1,1.0
27,6,1,1,0,1,34,1,0,0,0,1,1,0,0,0,0,0,1,0,0.0
36,0,7,0,0,0,1,1,0,0,0,1,0,0,0,1,0,0,0,1,1.0
29,8,1,0,0,0,5,1,0,0,0,1,1,0,0,0,0,0,0,1,1.0
33,3,1,0,0,0,2,1,0,0,1,0,1,0,0,0,0,0,0,1,1.0
19,0,1,1,1,1,0,0,0,1,0,1,1,0,0,0,0,0,1,0,1.0
25,1,1,0,0,0,1,1,0,0,0,1,0,0,1,0,0,0,1,0,0.0
21,1,99,0,0,0,65,0,0,1,1,0,0,0,1,0,0,0,0,1,1.0
56,0,1,0,0,0,7,0,1,0,0,1,0,0,0,0,0,1,0,1,1.0
54,0,0,0,0,0,1,0,1,0,0,1,1,0,0,0,0,0,0,1,1.0
31,10,1,1,0,1,181,1,0,0,0,1,1,0,0,0,0,0,1,0,1.0
21,2,3,1,1,1,0,0,0,1,0,1,0,0,1,0,0,0,1,0,0.0
27,4,1,1,1,1,50,1,0,0,0,1,1,0,0,0,0,0,1,0,1.0
26,4,0,1,1,1,2,1,0,0,0,1,0,0,1,0,0,0,1,0,1.0
25,1,0,0,0,0,1,1,0,0,0,1,1,0,0,0,0,0,1,0,1.0
38,0,0,0,0,0,1,1,0,0,0,1,0,0,0,1,0,0,0,1,0.0
35,0,0,1,0,1,1,1,0,0,1,0,0,0,1,0,0,0,1,0,1.0
27,3,1,0,0,0,3,1,0,0,0,1,0,0,1,0,0,0,0,1,0.0
41,19,0,1,0,0,220,1,0,0,0,1,1,0,0,0,0,0,1,0,1.0
36,14,38,1,0,1,0,1,0,0,0,1,0,0,1,0,0,0,1,0,1.0
29,0,1,1,0,1,1,1,0,0,0,1,1,0,0,0,0,0,0,1,1.0
49,0,0,0,0,0,0,0,1,0,0,1,0,0,1,0,0,0,1,0,1.0
49,4,1,0,0,0,0,0,1,0,0,1,1,0,0,0,0,0,0,1,1.0
47,5,312,1,0,1,291,0,1,0,0,1,0,0,1,0,0,0,1,0,0.0
37,1,9,0,0,0,0,1,0,0,0,1,0,0,1,0,0,0,0,1,1.0
26,2,23,0,0,0,0,1,0,0,0,1,1,0,0,0,0,0,1,0,1.0
27,2,1,1,0,1,0,1,0,0,0,1,1,0,0,0,0,0,1,0,1.0
41,0,0,0,0,0,177,1,0,0,0,1,1,0,0,0,0,0,1,0,1.0
33,0,1,0,0,0,7,1,0,0,1,0,1,0,0,0,0,0,0,1,1.0
44,0,1,1,0,1,0,1,0,0,1,0,0,0,1,0,0,0,1,0,1.0
43,4,39,1,0,0,38,1,0,0,0,1,1,0,0,0,0,0,1,0,0.0
49,0,0,0,0,0,1,0,1,0,1,0,0,0,1,0,0,0,1,0,0.0
28,6,1,1,0,1,2,1,0,0,1,0,1,0,0,0,0,0,0,1,1.0
22,0,7,0,0,0,5,0,0,1,1,0,1,0,0,0,0,0,1,0,1.0
20,1,27,1,0,1,14,0,0,1,0,1,1,0,0,0,0,0,1,0,1.0
39,2,1,0,0,0,1,1,0,0,0,1,1,0,0,0,0,0,0,1,1.0
32,0,1,1,0,1,0,1,0,0,1,0,0,0,1,0,0,0,1,0,1.0
22,1,12,0,0,0,11,0,0,1,0,1,0,0,1,0,0,0,1,0,0.0
44,12,1,0,0,0,0,1,0,0,0,1,1,0,0,0,0,0,1,0,1.0
27,0,1,1,0,1,2,1,0,0,1,0,0,0,0,0,0,1,1,0,1.0
31,2,28,1,0,1,27,1,0,0,1,0,0,0,1,0,0,0,1,0,0.0
38,16,28,1,1,1,33,1,0,0,0,1,1,0,0,0,0,0,0,1,1.0
39,4,2,1,0,1,1,1,0,0,1,0,0,0,1,0,0,0,1,0,1.0
38,0,0,0,0,0,0,1,0,0,0,1,0,0,1,0,0,0,1,0,1.0
30,0,1,0,0,0,0,1,0,0,0,1,0,0,1,0,0,0,0,1,1.0
32,24,1,1,1,1,2,1,0,0,0,1,1,0,0,0,0,0,1,0,1.0
37,8,63,1,0,1,0,1,0,0,0,1,0,0,1,0,0,0,1,0,1.0
41,14,1,1,0,1,6,1,0,0,0,1,0,0,1,0,0,0,1,0,1.0
52,6,0,1,0,1,1,0,1,0,0,1,1,0,0,0,0,0,0,1,1.0
24,0,1,0,0,0,0,0,0,1,0,1,1,0,0,0,0,0,1,0,1.0
44,0,1,1,0,1,8,1,0,0,0,1,0,0,1,0,0,0,1,0,1.0
22,0,1,1,1,1,2,0,0,1,0,1,0,0,1,0,0,0,1,0,1.0
31,4,1,1,0,1,5,1,0,0,0,1,0,0,1,0,0,0,1,0,1.0
36,0,1,1,0,1,5,1,0,0,0,1,0,0,1,0,0,0,0,1,1.0
20,0,1,1,0,1,0,0,0,1,0,1,1,0,0,0,0,0,1,0,1.0
42,1,0,0,0,0,0,1,0,0,0,1,1,0,0,0,0,0,1,0,1.0
30,3,1,0,0,0,65,1,0,0,0,1,0,0,1,0,0,0,1,0,0.0
27,6,1,1,1,1,34,1,0,0,0,1,0,0,1,0,0,0,1,0,1.0
31,0,1,0,0,0,2,1,0,0,1,0,1,0,0,0,0,0,1,0,1.0
37,5,36,1,0,1,33,1,0,0,1,0,0,0,1,0,0,0,1,0,1.0
29,0,1,0,0,0,1,1,0,0,0,1,0,0,0,0,0,1,1,0,1.0
35,0,1,0,0,0,0,1,0,0,0,1,0,0,0,1,0,0,1,0,1.0
51,5,1,1,0,1,20,0,1,0,1,0,0,0,1,0,0,0,0,1,0.0
54,1,1,1,0,1,1,0,1,0,0,1,0,0,1,0,0,0,0,1,1.0
21,3,1,1,0,1,0,0,0,1,0,1,1,0,0,0,0,0,1,0,0.0
20,4,1,1,0,1,2,0,0,1,1,0,0,0,1,0,0,0,1,0,1.0
26,0,1,1,0,1,0,1,0,0,0,1,0,0,0,1,0,0,0,1,1.0
61,14,1,1,0,0,1,0,1,0,0,1,1,0,0,0,0,0,0,1,1.0
28,0,1,0,0,0,0,1,0,0,0,1,1,0,0,0,0,0,1,0,0.0
51,1,1,0,0,0,1,0,1,0,0,1,0,0,0,1,0,0,0,1,1.0
33,0,1,0,0,0,0,1,0,0,0,1,0,0,0,1,0,0,0,1,0.0
29,0,1,0,0,0,28,1,0,0,1,0,0,0,1,0,0,0,1,0,0.0
46,2,14,0,0,0,7,0,1,0,0,1,0,0,1,0,0,0,1,0,0.0
22,0,1,0,0,0,2,0,0,1,1,0,0,0,1,0,0,0,0,1,0.0
39,0,1,0,0,0,0,1,0,0,0,1,0,0,1,0,0,0,0,1,1.0
25,5,1,1,0,1,0,1,0,0,0,1,1,0,0,0,0,0,0,1,1.0
20,0,0,0,0,0,1,0,0,1,0,1,1,0,0,0,0,0,1,0,0.0
29,4,0,1,1,1,355,1,0,0,0,1,1,0,0,0,0,0,1,0,1.0
24,0,1,0,0,0,1,0,0,1,1,0,0,0,1,0,0,0,1,0,1.0
20,0,1,1,1,1,1,0,0,1,0,1,0,0,0,0,0,1,1,0,1.0
42,2,43,0,0,0,40,1,0,0,0,1,0,0,1,0,0,0,0,1,1.0
31,1,1,1,0,0,1,1,0,0,0,1,1,0,0,0,0,0,0,1,1.0
26,0,1,0,0,0,0,1,0,0,0,1,0,0,0,1,0,0,1,0,1.0
22,4,12,0,0,0,0,0,0,1,0,1,1,0,0,0,0,0,0,1,1.0
48,0,1,1,0,1,68,0,1,0,0,1,0,0,1,0,0,0,1,0,0.0
20,0,1,1,1,0,1,0,0,1,0,1,1,0,0,0,0,0,0,1,1.0
33,16,1,1,0,1,6,1,0,0,0,1,1,0,0,0,0,0,1,0,1.0
45,1,1,0,0,0,0,0,1,0,1,0,0,0,0,0,1,0,0,1,0.0
28,4,1,1,1,1,0,1,0,0,0,1,1,0,0,0,0,0,0,1,1.0
35,1,1,0,0,0,1,1,0,0,1,0,1,0,0,0,0,0,1,0,1.0
23,0,1,0,0,0,1,0,0,1,0,1,0,0,1,0,0,0,0,1,1.0
42,0,0,0,0,0,1,1,0,0,0,1,0,0,1,0,0,0,0,1,1.0
57,12,1,0,0,0,50,0,1,0,0,1,1,0,0,0,0,0,1,0,1.0
56,7,1,1,0,1,194,0,1,0,0,1,0,0,1,0,0,0,1,0,0.0
26,7,126,0,0,0,1,1,0,0,0,1,0,0,1,0,0,0,1,0,0.0
25,0,1,0,0,0,0,1,0,0,1,0,0,0,1,0,0,0,0,1,1.0
39,3,1,0,0,0,0,1,0,0,0,1,0,0,1,0,0,0,1,0,1.0
37,1,1,0,0,0,0,1,0,0,0,1,0,0,0,1,0,0,0,1,1.0
38,9,5,0,0,0,2,1,0,0,0,1,1,0,0,0,0,0,1,0,1.0
25,1,1,0,0,0,1,1,0,0,0,1,0,0,0,0,0,1,1,0,1.0
21,1,31,1,0,1,30,0,0,1,0,1,1,0,0,0,0,0,1,0,1.0
50,1,1,0,0,0,1,0,1,0,1,0,1,0,0,0,0,0,1,0,1.0
30,3,0,1,1,1,12,1,0,0,1,0,1,0,0,0,0,0,1,0,1.0
61,20,1,1,0,1,30,0,1,0,0,1,1,0,0,0,0,0,0,1,0.0
23,0,1,0,0,0,1,0,0,1,1,0,0,0,0,0,0,1,0,1,1.0
37,11,1,1,0,1,0,1,0,0,0,1,0,0,1,0,0,0,1,0,0.0
21,1,0,1,0,1,1,0,0,1,0,1,1,0,0,0,0,0,1,0,1.0
29,0,1,0,0,0,1,1,0,0,1,0,0,0,1,0,0,0,0,1,1.0
30,1,1,1,0,1,0,1,0,0,0,1,0,0,1,0,0,0,1,0,0.0
52,0,6,0,0,0,0,0,1,0,1,0,0,0,1,0,0,0,1,0,1.0
39,3,1,0,0,0,0,1,0,0,1,0,1,0,0,0,0,0,1,0,1.0
30,6,1,1,1,1,17,1,0,0,0,1,0,0,0,0,0,1,1,0,1.0
22,0,1,0,0,0,1,0,0,1,0,1,0,0,1,0,0,0,1,0,1.0
32,1,1,0,0,0,1,1,0,0,0,1,1,0,0,0,0,0,1,0,0.0
58,3,4,0,0,0,0,0,1,0,0,1,0,0,1,0,0,0,0,1,1.0
22,0,1,1,1,1,71,0,0,1,0,1,1,0,0,0,0,0,1,0,1.0
50,2,1,1,1,1,9,0,1,0,0,1,0,0,1,0,0,0,1,0,1.0
63,2,3,0,0,0,3,0,1,0,0,1,0,0,1,0,0,0,1,0,1.0
39,4,32,0,0,0,6,1,0,0,0,1,1,0,0,0,0,0,1,0,0.0
62,0,1,0,0,0,2,0,1,0,0,1,0,0,1,0,0,0,0,1,1.0
23,5,0,1,0,1,54,0,0,1,0,1,0,0,1,0,0,0,0,1,1.0
19,0,1,1,1,1,1,0,0,1,1,0,1,0,0,0,0,0,0,1,1.0
31,3,37,0,0,0,32,1,0,0,0,1,0,0,1,0,0,0,0,1,1.0
30,0,1,0,0,0,0,1,0,0,0,1,0,0,0,0,0,1,1,0,1.0
23,0,1,0,0,0,45,0,0,1,0,1,0,0,0,1,0,0,1,0,1.0
57,0,0,0,0,0,27,0,1,0,0,1,0,0,1,0,0,0,1,0,1.0
33,5,1,1,0,1,0,1,0,0,1,0,1,0,0,0,0,0,1,0,0.0
42,0,1,1,0,1,1,1,0,0,1,0,0,0,1,0,0,0,1,0,0.0
40,0,1,0,0,0,1,1,0,0,0,1,0,0,1,0,0,0,1,0,1.0
30,11,1,1,0,1,2,1,0,0,0,1,1,0,0,0,0,0,1,0,1.0
51,14,1,0,0,0,0,0,1,0,1,0,0,0,1,0,0,0,1,0,0.0
35,0,1,0,0,0,0,1,0,0,1,0,0,0,0,0,0,1,0,1,1.0
26,1,1,0,0,0,3,1,0,0,1,0,0,0,1,0,0,0,1,0,1.0
23,1,237,1,0,1,0,0,0,1,0,1,1,0,0,0,0,0,0,1,0.0
21,0,3,0,0,0,0,0,0,1,0,1,0,0,0,1,0,0,1,0,0.0
34,12,1,1,0,1,11,1,0,0,0,1,1,0,0,0,0,0,1,0,0.0
37,12,0,1,0,1,0,1,0,0,0,1,1,0,0,0,0,0,1,0,1.0
40,0,1,0,0,0,2,1,0,0,0,1,1,0,0,0,0,0,1,0,1.0
27,4,42,0,0,0,41,1,0,0,0,1,0,0,1,0,0,0,1,0,1.0
24,9,23,1,1,1,10,0,0,1,0,1,0,0,1,0,0,0,0,1,1.0
37,0,1,0,0,0,2,1,0,0,0,1,1,0,0,0,0,0,0,1,1.0
69,1,1,1,0,1,1,0,1,0,0,1,1,0,0,0,0,0,1,0,1.0
29,3,1,1,0,1,1,1,0,0,0,1,1,0,0,0,0,0,1,0,1.0
25,1,10,0,0,0,0,1,0,0,1,0,1,0,0,0,0,0,1,0,1.0
24,0,1,1,0,1,0,0,0,1,0,1,0,0,1,0,0,0,1,0,1.0
26,1,0,0,0,0,1,1,0,0,0,1,1,0,0,0,0,0,1,0,0.0
21,1,1,0,0,0,7,0,0,1,0,1,1,0,0,0,0,0,1,0,0.0
40,4,1,1,0,1,0,1,0,0,0,1,0,0,1,0,0,0,1,0,1.0
30,11,214,1,0,1,1,1,0,0,0,1,0,0,1,0,0,0,0,1,1.0
36,0,1,0,0,0,2,1,0,0,0,1,1,0,0,0,0,0,0,1,0.0
32,0,0,0,0,0,0,1,0,0,1,0,1,0,0,0,0,0,1,0,1.0
21,0,1,0,0,0,0,0,0,1,1,0,0,0,1,0,0,0,0,1,1.0
31,3,1,1,1,1,1,1,0,0,0,1,0,0,1,0,0,0,0,1,1.0
27,2,1,1,1,1,1,1,0,0,0,1,0,0,0,0,0,1,0,1,0.0
22,0,1,0,0,0,1,0,0,1,0,1,1,0,0,0,0,0,1,0,0.0
22,1,1,1,0,1,15,0,0,1,0,1,1,0,0,0,0,0,1,0,1.0
23,0,0,0,0,0,0,0,0,1,0,1,1,0,0,0,0,0,1,0,1.0
25,5,1,1,0,1,155,1,0,0,0,1,1,0,0,0,0,0,1,0,1.0
40,9,1,0,0,0,0,1,0,0,0,1,0,0,1,0,0,0,1,0,1.0
22,0,1,0,0,0,35,0,0,1,0,1,1,0,0,0,0,0,1,0,0.0
56,4,1,0,0,0,16,0,1,0,0,1,1,0,0,0,0,0,1,0,0.0
35,9,1,0,0,0,173,1,0,0,1,0,1,0,0,0,0,0,1,0,0.0
30,1,1,0,0,0,0,1,0,0,0,1,1,0,0,0,0,0,1,0,1.0
27,0,0,1,0,1,0,1,0,0,0,1,0,0,1,0,0,0,0,1,1.0
26,6,1,1,1,1,4,1,0,0,0,1,1,0,0,0,0,0,1,0,1.0
30,4,0,1,0,1,96,1,0,0,0,1,0,0,1,0,0,0,1,0,1.0
35,1,1,0,0,0,2,1,0,0,0,1,0,0,1,0,0,0,1,0,1.0
35,5,1,0,0,0,0,1,0,0,0,1,0,0,0,1,0,0,1,0,1.0
26,0,1,1,0,1,1,1,0,0,0,1,1,0,0,0,0,0,1,0,1.0
32,12,1,1,1,1,1,1,0,0,0,1,1,0,0,0,0,0,1,0,1.0
54,0,0,0,0,0,0,0,1,0,0,1,0,0,1,0,0,0,1,0,1.0
20,0,1,0,0,0,0,0,0,1,0,1,1,0,0,0,0,0,1,0,0.0
21,0,1,1,0,1,7,0,0,1,0,1,1,0,0,0,0,0,1,0,1.0
31,4,70,0,0,0,70,1,0,0,0,1,1,0,0,0,0,0,1,0,0.0
23,0,1,0,0,0,0,0,0,1,1,0,0,0,0,0,0,1,0,1,1.0
50,1,1,0,0,0,1,0,1,0,0,1,0,0,1,0,0,0,1,0,1.0
28,20,0,1,0,1,0,1,0,0,0,1,1,0,0,0,0,0,1,0,0.0
20,1,51,1,1,1,1,0,0,1,0,1,1,0,0,0,0,0,1,0,1.0
21,1,1,0,0,0,0,0,0,1,0,1,1,0,0,0,0,0,1,0,0.0
28,1,0,0,0,0,1,1,0,0,0,1,0,0,1,0,0,0,0,1,0.0
28,6,1,0,0,0,0,1,0,0,0,1,1,0,0,0,0,0,1,0,1.0
27,0,1,0,0,0,0,1,0,0,0,1,1,0,0,0,0,0,1,0,1.0
29,3,0,1,1,1,0,1,0,0,0,1,1,0,0,0,0,0,1,0,1.0
21,0,1,1,0,1,1,0,0,1,1,0,1,0,0,0,0,0,1,0,0.0
57,10,246,1,0,1,181,0,1,0,0,1,0,0,0,0,0,1,1,0,1.0
61,0,0,0,0,0,2,0,1,0,0,1,0,0,1,0,0,0,0,1,1.0
43,4,1,1,0,1,1,1,0,0,0,1,1,0,0,0,0,0,1,0,0.0
50,16,68,1,0,1,67,0,1,0,0,1,0,0,1,0,0,0,1,0,1.0
53,2,1,0,0,0,40,0,1,0,0,1,0,0,1,0,0,0,1,0,1.0
26,3,1,1,0,1,1,1,0,0,0,1,0,0,1,0,0,0,1,0,1.0
28,1,0,0,0,0,0,1,0,0,0,1,1,0,0,0,0,0,1,0,0.0
21,0,1,1,0,1,0,0,0,1,1,0,0,0,0,1,0,0,0,1,1.0
26,2,1,1,0,0,0,1,0,0,0,1,0,0,1,0,0,0,1,0,1.0
31,6,0,1,0,1,0,1,0,0,0,1,1,0,0,0,0,0,1,0,1.0
39,8,1,1,0,1,31,1,0,0,1,0,0,0,1,0,0,0,1,0,1.0
50,5,1,1,0,1,1,0,1,0,0,1,0,0,1,0,0,0,1,0,1.0
21,4,1,1,1,1,33,0,0,1,0,1,0,0,1,0,0,0,0,1,1.0
26,0,1,0,0,0,1,1,0,0,0,1,1,0,0,0,0,0,0,1,1.0
28,0,1,0,0,0,0,1,0,0,1,0,0,0,1,0,0,0,0,1,1.0
25,6,1,1,1,1,1,1,0,0,0,1,1,0,0,0,0,0,0,1,0.0
27,0,1,0,0,0,43,1,0,0,0,1,0,0,1,0,0,0,1,0,1.0
29,1,1,0,0,0,1,1,0,0,1,0,1,0,0,0,0,0,0,1,1.0
38,9,1,1,0,1,13,1,0,0,0,1,1,0,0,0,0,0,1,0,1.0
46,7,1,1,0,1,3,0,1,0,1,0,0,0,1,0,0,0,1,0,1.0
22,1,0,1,0,1,0,0,0,1,0,1,1,0,0,0,0,0,1,0,1.0
24,0,3,0,0,0,1,0,0,1,0,1,0,0,1,0,0,0,1,0,1.0
31,2,1,0,0,0,1,1,0,0,0,1,1,0,0,0,0,0,1,0,1.0
27,2,104,0,0,0,31,1,0,0,0,1,1,0,0,0,0,0,0,1,1.0
50,1,1,0,0,0,0,0,1,0,1,0,0,0,0,1,0,0,1,0,1.0
26,2,1,0,0,0,0,1,0,0,0,1,1,0,0,0,0,0,1,0,1.0
45,13,1,1,1,1,6,0,1,0,0,1,1,0,0,0,0,0,0,1,1.0
42,0,1,0,0,0,281,1,0,0,1,0,0,0,0,0,0,1,1,0,1.0
34,0,1,1,0,1,29,1,0,0,0,1,0,0,1,0,0,0,0,1,1.0
47,1,43,0,0,0,43,0,1,0,0,1,0,0,1,0,0,0,1,0,0.0
23,0,1,0,0,0,2,0,0,1,0,1,1,0,0,0,0,0,1,0,0.0
22,0,1,0,0,0,2,0,0,1,0,1,1,0,0,0,0,0,0,1,1.0
23,1,0,0,0,0,1,0,0,1,1,0,0,0,1,0,0,0,0,1,0.0
55,0,61,1,1,1,45,0,1,0,0,1,1,0,0,0,0,0,0,1,1.0
23,0,0,1,0,1,0,0,0,1,0,1,1,0,0,0,0,0,1,0,1.0
45,3,1,1,1,1,92,0,1,0,0,1,0,0,1,0,0,0,0,1,0.0
19,3,1,1,0,1,30,0,0,1,0,1,1,0,0,0,0,0,1,0,1.0
35,3,26,1,0,1,0,1,0,0,0,1,1,0,0,0,0,0,0,1,1.0
37,0,1,0,0,0,1,1,0,0,1,0,0,0,0,0,0,1,0,1,1.0
29,0,1,1,0,1,343,1,0,0,1,0,0,0,1,0,0,0,1,0,1.0
23,2,1,1,0,1,0,0,0,1,1,0,1,0,0,0,0,0,1,0,0.0
20,1,1,1,1,1,1,0,0,1,0,1,1,0,0,0,0,0,0,1,1.0
21,1,301,0,0,0,0,0,0,1,0,1,0,0,1,0,0,0,1,0,1.0
58,1,42,0,0,0,0,0,1,0,0,1,0,0,1,0,0,0,0,1,1.0
45,6,1,1,1,1,241,0,1,0,0,1,0,0,0,1,0,0,1,0,1.0
24,5,1,1,0,1,1,0,0,1,0,1,1,0,0,0,0,0,1,0,1.0
25,0,1,0,0,0,1,1,0,0,1,0,0,0,1,0,0,0,1,0,0.0
38,5,2,1,0,1,0,1,0,0,0,1,0,0,1,0,0,0,1,0,0.0
36,5,0,1,1,1,0,1,0,0,1,0,1,0,0,0,0,0,1,0,0.0
30,0,1,1,0,1,0,1,0,0,0,1,1,0,0,0,0,0,0,1,1.0
23,1,6,0,0,0,0,0,0,1,1,0,1,0,0,0,0,0,1,0,1.0
55,0,1,0,0,0,0,0,1,0,1,0,0,0,0,1,0,0,1,0,1.0
26,1,1,0,0,0,1,1,0,0,0,1,1,0,0,0,0,0,1,0,0.0
37,24,1,0,0,0,19,1,0,0,0,1,1,0,0,0,0,0,1,0,1.0
21,0,1,0,0,0,1,0,0,1,0,1,1,0,0,0,0,0,1,0,0.0
22,2,31,1,1,1,0,0,0,1,1,0,0,0,1,0,0,0,1,0,1.0
47,6,0,0,0,0,5,0,1,0,0,1,1,0,0,0,0,0,1,0,0.0
26,2,1,1,0,0,8,1,0,0,0,1,1,0,0,0,0,0,1,0,1.0
20,1,1,1,0,1,1,0,0,1,0,1,0,0,1,0,0,0,1,0,0.0
51,0,0,0,0,0,1,0,1,0,1,0,0,0,1,0,0,0,0,1,0.0
29,5,0,1,0,0,1,1,0,0,1,0,1,0,0,0,0,0,1,0,0.0
31,2,0,0,0,0,16,1,0,0,0,1,0,0,1,0,0,0,1,0,1.0
25,1,0,0,0,0,59,1,0,0,0,1,0,0,1,0,0,0,1,0,1.0
65,3,1,0,0,0,23,0,1,0,0,1,0,0,1,0,0,0,1,0,1.0
23,2,334,1,1,1,100,0,0,1,0,1,1,0,0,0,0,0,0,1,1.0
21,1,0,1,0,1,59,0,0,1,0,1,1,0,0,0,0,0,1,0,1.0
66,1,1,0,0,0,0,0,1,0,0,1,0,0,1,0,0,0,1,0,1.0
43,2,26,0,0,0,1,1,0,0,0,1,0,0,1,0,0,0,1,0,1.0
21,0,1,1,1,1,34,0,0,1,0,1,1,0,0,0,0,0,1,0,1.0
37,2,1,1,0,1,0,1,0,0,0,1,1,0,0,0,0,0,1,0,0.0
45,1,1,0,0,0,2,0,1,0,1,0,0,0,0,0,0,1,1,0,1.0
21,1,1,0,0,0,0,0,0,1,0,1,0,0,1,0,0,0,1,0,1.0
44,0,1,0,0,0,3,1,0,0,0,1,1,0,0,0,0,0,1,0,1.0
43,4,0,0,0,0,2,1,0,0,0,1,0,0,1,0,0,0,0,1,1.0
25,1,0,0,0,0,0,1,0,0,1,0,1,0,0,0,0,0,0,1,0.0
22,1,1,0,0,0,1,0,0,1,0,1,1,0,0,0,0,0,0,1,1.0
29,1,0,1,0,1,1,1,0,0,0,1,1,0,0,0,0,0,0,1,1.0
34,11,0,1,1,1,0,1,0,0,0,1,1,0,0,0,0,0,1,0,1.0
25,2,1,1,0,1,0,1,0,0,1,0,0,0,1,0,0,0,0,1,0.0
33,2,1,1,0,1,28,1,0,0,0,1,1,0,0,0,0,0,1,0,1.0
24,1,1,0,0,0,3,0,0,1,1,0,1,0,0,0,0,0,1,0,1.0
37,9,1,0,0,0,2,1,0,0,0,1,0,0,0,1,0,0,1,0,1.0
27,11,1,0,0,0,3,1,0,0,0,1,1,0,0,0,0,0,1,0,1.0
45,0,0,0,0,0,1,0,1,0,1,0,0,0,0,1,0,0,0,1,1.0
56,1,65,0,0,0,2,0,1,0,0,1,0,0,1,0,0,0,0,1,1.0
29,17,1,1,0,1,15,1,0,0,0,1,1,0,0,0,0,0,1,0,0.0
24,4,1,1,0,1,1,0,0,1,0,1,1,0,0,0,0,0,1,0,1.0
28,9,12,1,1,1,12,1,0,0,1,0,1,0,0,0,0,0,0,1,1.0
31,7,1,1,0,1,54,1,0,0,0,1,1,0,0,0,0,0,1,0,1.0
34,4,152,1,0,1,97,1,0,0,1,0,0,0,0,0,1,0,1,0,1.0
21,0,1,0,0,0,0,0,0,1,1,0,1,0,0,0,0,0,0,1,1.0
45,5,1,0,0,0,0,0,1,0,1,0,0,0,1,0,0,0,0,1,1.0
67,0,1,0,0,0,1,0,1,0,0,1,0,0,1,0,0,0,1,0,1.0
24,3,155,1,0,1,1,0,0,1,0,1,1,0,0,0,0,0,0,1,1.0
33,1,0,0,0,0,0,1,0,0,0,1,0,0,0,1,0,0,0,1,1.0
42,1,1,1,0,1,1,1,0,0,0,1,1,0,0,0,0,0,1,0,1.0
58,4,1,0,0,0,1,0,1,0,1,0,1,0,0,0,0,0,1,0,1.0
39,1,1,0,0,0,0,1,0,0,0,1,0,0,0,1,0,0,0,1,1.0
59,0,4,0,0,0,1,0,1,0,0,1,0,0,0,1,0,0,1,0,0.0
29,0,0,0,0,0,0,1,0,0,0,1,1,0,0,0,0,0,1,0,0.0
29,12,0,1,0,1,39,1,0,0,0,1,0,0,1,0,0,0,0,1,1.0
22,0,1,0,0,0,1,0,0,1,1,0,1,0,0,0,0,0,0,1,0.0
54,6,1,0,0,0,1,0,1,0,1,0,1,0,0,0,0,0,1,0,1.0
21,1,1,0,0,0,0,0,0,1,0,1,0,0,0,0,0,1,1,0,0.0
44,0,1,1,0,1,1,1,0,0,0,1,0,0,0,1,0,0,0,1,1.0
29,0,1,0,0,0,1,1,0,0,1,0,1,0,0,0,0,0,1,0,0.0
26,6,1,1,0,1,2,1,0,0,0,1,1,0,0,0,0,0,1,0,0.0
30,15,4,1,0,1,1,1,0,0,1,0,1,0,0,0,0,0,1,0,0.0
20,0,0,1,0,1,2,0,0,1,1,0,0,0,1,0,0,0,1,0,1.0
29,6,1,1,0,1,35,1,0,0,0,1,1,0,0,0,0,0,1,0,1.0
22,3,161,1,1,1,0,0,0,1,0,1,1,0,0,0,0,0,0,1,0.0
49,2,1,0,0,0,0,0,1,0,1,0,0,0,1,0,0,0,1,0,0.0
45,10,1,1,0,1,1,0,1,0,0,1,1,0,0,0,0,0,1,0,1.0
24,3,0,1,0,1,0,0,0,1,0,1,0,0,1,0,0,0,1,0,0.0
64,0,1,0,0,0,4,0,1,0,1,0,1,0,0,0,0,0,1,0,1.0
20,2,16,1,0,1,0,0,0,1,0,1,1,0,0,0,0,0,1,0,1.0
32,9,39,1,0,1,38,1,0,0,0,1,1,0,0,0,0,0,0,1,0.0
20,3,1,1,1,1,0,0,0,1,1,0,0,0,1,0,0,0,0,1,1.0
37,13,1,0,0,0,1,1,0,0,0,1,0,0,1,0,0,0,1,0,1.0
27,2,0,0,0,0,0,1,0,0,0,1,1,0,0,0,0,0,1,0,0.0
26,2,1,1,0,1,19,1,0,0,0,1,0,0,1,0,0,0,1,0,0.0
44,9,73,0,0,0,65,1,0,0,0,1,1,0,0,0,0,0,1,0,1.0
27,0,0,1,1,1,0,1,0,0,1,0,0,0,1,0,0,0,0,1,0.0
49,14,1,1,0,1,122,0,1,0,1,0,1,0,0,0,0,0,0,1,1.0
20,0,1,0,0,0,0,0,0,1,1,0,1,0,0,0,0,0,1,0,1.0
21,1,10,0,0,0,2,0,0,1,0,1,1,0,0,0,0,0,1,0,1.0
28,14,1,1,1,1,0,1,0,0,0,1,1,0,0,0,0,0,1,0,1.0
20,2,1,1,1,1,10,0,0,1,0,1,1,0,0,0,0,0,1,0,1.0
30,4,1,1,0,1,1,1,0,0,0,1,1,0,0,0,0,0,0,1,0.0
30,19,57,1,0,1,82,1,0,0,0,1,0,0,1,0,0,0,1,0,1.0
34,0,1,0,0,0,28,1,0,0,0,1,0,0,1,0,0,0,1,0,1.0
41,9,1,0,0,0,32,1,0,0,0,1,0,0,1,0,0,0,0,1,1.0
57,23,1,1,1,1,30,0,1,0,0,1,1,0,0,0,0,0,1,0,0.0
54,0,0,0,0,0,2,0,1,0,0,1,0,0,0,1,0,0,1,0,1.0
56,9,24,1,0,1,19,0,1,0,0,1,0,0,1,0,0,0,0,1,1.0
55,3,0,0,0,0,1,0,1,0,0,1,0,0,1,0,0,0,0,1,1.0
33,3,1,0,0,0,0,1,0,0,0,1,0,0,0,0,0,1,1,0,1.0
66,33,0,1,0,1,13,0,1,0,0,1,1,0,0,0,0,0,1,0,1.0
41,0,1,0,0,0,1,1,0,0,1,0,0,0,1,0,0,0,1,0,1.0
48,9,87,0,0,0,57,0,1,0,1,0,0,0,0,1,0,0,1,0,1.0
53,0,1,0,0,0,0,0,1,0,0,1,0,0,1,0,0,0,0,1,1.0
23,5,105,1,0,1,14,0,0,1,0,1,0,0,1,0,0,0,1,0,0.0
33,6,1,0,0,0,0,1,0,0,0,1,1,0,0,0,0,0,0,1,1.0
21,0,1,1,0,1,0,0,0,1,0,1,0,0,0,0,0,1,1,0,1.0
36,1,0,0,0,0,0,1,0,0,0,1,0,0,0,1,0,0,0,1,0.0
36,0,0,0,0,0,0,1,0,0,0,1,1,0,0,0,0,0,1,0,0.0
31,0,1,0,0,0,1,1,0,0,0,1,0,0,0,1,0,0,1,0,1.0
45,4,1,1,0,1,4,0,1,0,0,1,0,0,1,0,0,0,0,1,1.0
20,0,1,1,0,1,1,0,0,1,0,1,1,0,0,0,0,0,1,0,0.0
29,5,1,1,1,1,3,1,0,0,0,1,1,0,0,0,0,0,1,0,1.0
25,1,0,0,0,0,0,1,0,0,0,1,1,0,0,0,0,0,0,1,1.0
30,3,51,0,0,0,1,1,0,0,1,0,1,0,0,0,0,0,0,1,1.0
21,2,34,0,0,0,34,0,0,1,0,1,1,0,0,0,0,0,1,0,1.0
38,0,1,0,0,0,5,1,0,0,0,1,1,0,0,0,0,0,1,0,1.0
45,0,1,0,0,0,0,0,1,0,0,1,1,0,0,0,0,0,0,1,0.0
25,5,1,1,0,1,49,1,0,0,0,1,1,0,0,0,0,0,1,0,1.0
36,2,1,0,0,0,0,1,0,0,0,1,0,0,1,0,0,0,1,0,1.0
39,0,1,1,0,1,0,1,0,0,0,1,1,0,0,0,0,0,1,0,0.0
26,8,52,0,0,0,40,1,0,0,0,1,1,0,0,0,0,0,1,0,1.0
32,4,1,0,0,0,0,1,0,0,0,1,1,0,0,0,0,0,1,0,0.0
20,1,1,1,0,1,1,0,0,1,0,1,0,0,1,0,0,0,0,1,1.0
22,3,35,1,1,1,1,0,0,1,0,1,1,0,0,0,0,0,1,0,1.0
50,1,1,1,0,1,40,0,1,0,0,1,0,0,1,0,0,0,0,1,1.0
29,0,1,0,0,0,0,1,0,0,0,1,0,0,1,0,0,0,0,1,1.0
34,8,1,0,0,0,0,1,0,0,0,1,1,0,0,0,0,0,1,0,0.0
60,13,13,0,0,0,0,0,1,0,0,1,1,0,0,0,0,0,1,0,1.0
47,0,4,0,0,0,1,0,1,0,0,1,0,0,0,1,0,0,0,1,1.0
65,0,0,0,0,0,1,0,1,0,1,0,0,0,1,0,0,0,0,1,1.0
22,0,1,0,0,0,0,0,0,1,0,1,1,0,0,0,0,0,1,0,1.0
23,2,0,1,0,1,0,0,0,1,0,1,1,0,0,0,0,0,1,0,1.0
27,3,121,1,0,1,88,1,0,0,1,0,0,0,1,0,0,0,1,0,1.0
30,1,0,0,0,0,0,1,0,0,1,0,0,0,1,0,0,0,1,0,1.0
47,0,1,0,0,0,1,0,1,0,0,1,0,0,0,1,0,0,0,1,1.0
26,0,1,1,0,1,1,1,0,0,0,1,0,0,1,0,0,0,1,0,1.0
28,2,1,0,0,0,13,1,0,0,0,1,0,0,1,0,0,0,0,1,1.0
51,0,1,1,0,1,7,0,1,0,1,0,0,0,1,0,0,0,0,1,1.0
26,2,1,0,0,0,0,1,0,0,0,1,1,0,0,0,0,0,0,1,1.0
60,0,1,0,0,0,218,0,1,0,0,1,1,0,0,0,0,0,1,0,1.0
36,2,1,1,0,1,47,1,0,0,0,1,1,0,0,0,0,0,1,0,0.0
29,5,9,1,0,1,8,1,0,0,1,0,1,0,0,0,0,0,1,0,1.0
29,8,1,1,1,1,6,1,0,0,0,1,1,0,0,0,0,0,1,0,1.0
28,0,2,0,0,0,0,1,0,0,0,1,1,0,0,0,0,0,0,1,0.0
30,1,1,1,0,1,0,1,0,0,0,1,0,0,1,0,0,0,0,1,0.0
48,0,0,0,0,0,1,0,1,0,0,1,1,0,0,0,0,0,0,1,1.0
30,21,0,1,0,1,0,1,0,0,0,1,1,0,0,0,0,0,1,0,0.0
21,0,1,0,0,0,0,0,0,1,0,1,0,0,1,0,0,0,0,1,1.0
24,0,0,0,0,0,0,0,0,1,0,1,0,1,0,0,0,0,0,1,0.0
55,1,1,0,0,0,0,0,1,0,1,0,1,0,0,0,0,0,1,0,0.0
24,2,0,0,0,0,0,0,0,1,0,1,0,0,1,0,0,0,0,1,1.0
24,3,1,1,0,1,1,0,0,1,0,1,0,0,1,0,0,0,0,1,0.0
21,1,1,1,0,1,0,0,0,1,1,0,1,0,0,0,0,0,1,0,0.0
22,0,1,1,0,1,10,0,0,1,0,1,0,0,0,1,0,0,1,0,0.0
54,21,1,0,0,0,0,0,1,0,0,1,1,0,0,0,0,0,1,0,1.0
28,0,1,0,0,0,1,1,0,0,0,1,0,0,1,0,0,0,0,1,0.0
22,1,1,1,0,1,0,0,0,1,0,1,1,0,0,0,0,0,0,1,0.0
20,2,9,1,0,1,192,0,0,1,0,1,0,0,0,1,0,0,1,0,0.0
27,2,1,1,0,1,6,1,0,0,0,1,0,0,1,0,0,0,1,0,0.0
37,13,1,1,0,0,1,1,0,0,1,0,1,0,0,0,0,0,1,0,1.0
47,3,1,1,0,1,39,0,1,0,0,1,1,0,0,0,0,0,1,0,0.0
34,1,5,0,0,0,3,1,0,0,1,0,0,0,0,1,0,0,0,1,0.0
22,2,1,0,0,0,3,0,0,1,0,1,0,0,1,0,0,0,1,0,1.0
35,0,1,0,0,0,1,1,0,0,0,1,1,0,0,0,0,0,0,1,1.0
33,1,0,0,0,0,1,1,0,0,0,1,0,0,1,0,0,0,0,1,1.0
35,2,95,1,0,1,31,1,0,0,1,0,1,0,0,0,0,0,1,0,1.0
24,17,1,1,0,1,130,0,0,1,0,1,1,0,0,0,0,0,1,0,1.0
24,0,1,1,0,1,1,0,0,1,0,1,0,0,1,0,0,0,1,0,0.0
39,0,0,0,0,0,0,1,0,0,0,1,0,0,1,0,0,0,0,1,1.0
30,6,1,1,0,0,0,1,0,0,0,1,0,1,0,0,0,0,0,1,0.0
33,0,1,0,0,0,0,1,0,0,1,0,0,0,0,0,0,1,1,0,1.0
32,0,0,1,1,1,0,1,0,0,1,0,1,0,0,0,0,0,0,1,1.0
25,3,1,1,1,1,0,1,0,0,0,1,1,0,0,0,0,0,1,0,1.0
49,2,0,1,0,1,0,0,1,0,1,0,0,0,1,0,0,0,0,1,1.0
22,1,1,1,0,1,1,0,0,1,0,1,0,0,0,0,0,1,1,0,1.0
38,0,1,0,0,0,1,1,0,0,1,0,0,0,0,0,0,1,0,1,1.0
25,1,1,1,0,1,0,1,0,0,0,1,1,0,0,0,0,0,0,1,1.0
30,3,1,0,0,0,0,1,0,0,0,1,0,0,1,0,0,0,0,1,1.0
55,0,1,1,1,1,0,0,1,0,0,1,1,0,0,0,0,0,0,1,0.0
37,12,1,0,0,0,52,1,0,0,0,1,1,0,0,0,0,0,0,1,1.0
37,3,1,1,0,1,2,1,0,0,0,1,0,0,0,1,0,0,0,1,1.0
56,0,0,0,0,0,1,0,1,0,0,1,0,0,1,0,0,0,1,0,1.0
22,0,1,0,0,0,0,0,0,1,0,1,0,0,0,1,0,0,0,1,1.0
26,6,1,1,1,1,3,1,0,0,1,0,1,0,0,0,0,0,1,0,1.0
21,1,11,1,0,1,1,0,0,1,1,0,1,0,0,0,0,0,0,1,1.0
34,19,1,1,0,1,4,1,0,0,0,1,1,0,0,0,0,0,1,0,0.0
34,0,1,0,0,0,0,1,0,0,0,1,0,0,1,0,0,0,0,1,1.0
27,0,1,0,0,0,1,1,0,0,0,1,1,0,0,0,0,0,0,1,1.0
27,0,0,0,0,0,1,1,0,0,0,1,0,0,1,0,0,0,0,1,1.0
31,5,1,0,0,0,6,1,0,0,0,1,1,0,0,0,0,0,1,0,1.0
55,1,1,0,0,0,0,0,1,0,0,1,1,0,0,0,0,0,1,0,1.0
37,1,203,1,1,1,1,1,0,0,0,1,0,0,1,0,0,0,0,1,1.0
55,5,1,1,1,1,3,0,1,0,0,1,1,0,0,0,0,0,1,0,1.0
24,0,1,0,0,0,1,0,0,1,1,0,0,0,0,0,0,1,1,0,1.0
26,7,1,1,0,1,1,1,0,0,0,1,1,0,0,0,0,0,1,0,1.0
38,4,1,1,0,1,1,1,0,0,0,1,0,0,1,0,0,0,0,1,1.0
30,15,1,1,0,1,93,1,0,0,0,1,1,0,0,0,0,0,1,0,1.0
28,2,0,1,0,1,1,1,0,0,0,1,1,0,0,0,0,0,1,0,0.0
41,0,1,0,0,0,0,1,0,0,0,1,1,0,0,0,0,0,1,0,1.0
41,1,1,1,1,1,1,1,0,0,0,1,0,0,1,0,0,0,1,0,1.0
30,0,1,0,0,0,5,1,0,0,0,1,0,0,0,0,0,1,1,0,0.0
58,0,1,1,0,1,1,0,1,0,0,1,1,0,0,0,0,0,1,0,0.0
23,5,256,1,0,1,1,0,0,1,0,1,1,0,0,0,0,0,1,0,1.0
39,0,1,0,0,0,1,1,0,0,0,1,0,0,1,0,0,0,1,0,0.0
28,4,151,1,1,1,60,1,0,0,0,1,0,0,1,0,0,0,1,0,1.0
19,1,1,1,0,1,32,0,0,1,0,1,0,0,1,0,0,0,1,0,1.0
45,15,1,1,0,1,0,0,1,0,0,1,1,0,0,0,0,0,1,0,1.0
22,2,1,0,0,0,1,0,0,1,0,1,0,0,1,0,0,0,1,0,0.0
23,0,0,0,0,0,0,0,0,1,0,1,0,0,0,1,0,0,0,1,1.0
60,0,1,1,0,1,1,0,1,0,1,0,0,0,1,0,0,0,1,0,1.0
21,0,1,0,0,0,1,0,0,1,1,0,1,0,0,0,0,0,0,1,0.0
27,1,1,0,0,0,2,1,0,0,1,0,1,0,0,0,0,0,1,0,1.0
22,0,1,0,0,0,0,0,0,1,0,1,1,0,0,0,0,0,1,0,1.0
56,2,1,1,0,1,0,0,1,0,1,0,1,0,0,0,0,0,0,1,1.0
28,3,1,1,0,1,0,1,0,0,0,1,0,0,0,1,0,0,1,0,0.0
45,4,1,0,0,0,0,0,1,0,1,0,0,0,1,0,0,0,1,0,1.0
22,0,1,0,0,0,1,0,0,1,0,1,0,0,1,0,0,0,0,1,1.0
56,1,24,1,0,1,0,0,1,0,1,0,1,0,0,0,0,0,1,0,0.0
29,5,0,1,0,1,0,1,0,0,0,1,1,0,0,0,0,0,1,0,0.0
47,3,1,0,0,0,3,0,1,0,0,1,0,0,0,0,0,1,0,1,1.0
27,2,1,0,0,0,1,1,0,0,0,1,0,0,1,0,0,0,1,0,1.0
37,8,0,1,0,1,1,1,0,0,0,1,1,0,0,0,0,0,0,1,1.0
25,3,0,1,0,1,2,1,0,0,0,1,1,0,0,0,0,0,0,1,1.0
52,0,1,1,0,1,4,0,1,0,0,1,1,0,0,0,0,0,1,0,0.0
28,1,1,1,1,1,1,1,0,0,0,1,1,0,0,0,0,0,0,1,0.0
44,0,1,0,0,0,0,1,0,0,0,1,1,0,0,0,0,0,1,0,1.0
38,0,0,0,0,0,1,1,0,0,0,1,1,0,0,0,0,0,0,1,0.0
51,17,0,0,0,0,0,0,1,0,0,1,1,0,0,0,0,0,0,1,1.0
43,6,0,1,0,1,0,1,0,0,0,1,1,0,0,0,0,0,0,1,1.0
52,3,1,0,0,0,0,0,1,0,0,1,0,0,1,0,0,0,0,1,1.0
50,1,1,0,0,0,0,0,1,0,0,1,0,0,1,0,0,0,1,0,1.0
57,1,4,1,0,1,1,0,1,0,1,0,0,0,1,0,0,0,1,0,1.0
64,0,1,0,0,0,108,0,1,0,0,1,0,0,1,0,0,0,1,0,1.0
35,0,1,1,0,1,2,1,0,0,1,0,1,0,0,0,0,0,0,1,1.0
42,7,0,1,0,1,1,1,0,0,0,1,1,0,0,0,0,0,1,0,1.0
22,1,22,0,0,0,0,0,0,1,1,0,0,0,1,0,0,0,0,1,0.0
36,4,215,0,0,0,1,1,0,0,0,1,1,0,0,0,0,0,1,0,1.0
19,1,40,1,1,1,35,0,0,1,0,1,1,0,0,0,0,0,1,0,1.0
42,1,0,0,0,0,1,1,0,0,0,1,1,0,0,0,0,0,1,0,1.0
29,2,1,0,0,0,27,1,0,0,0,1,1,0,0,0,0,0,1,0,1.0
24,5,1,1,0,1,1,0,0,1,0,1,1,0,0,0,0,0,1,0,1.0
46,1,2,0,0,0,0,0,1,0,0,1,0,0,0,1,0,0,0,1,1.0
35,13,1,0,0,0,4,1,0,0,0,1,0,0,0,1,0,0,1,0,0.0
36,3,1,1,1,1,2,1,0,0,0,1,1,0,0,0,0,0,0,1,1.0
43,0,1,0,0,0,1,1,0,0,1,0,1,0,0,0,0,0,0,1,1.0
28,2,1,0,0,0,0,1,0,0,0,1,0,0,1,0,0,0,1,0,1.0
34,3,1,1,0,1,1,1,0,0,0,1,0,0,1,0,0,0,0,1,1.0
22,0,0,1,0,1,0,0,0,1,0,1,0,0,0,1,0,0,0,1,0.0
30,1,1,0,0,0,0,1,0,0,0,1,1,0,0,0,0,0,1,0,1.0
27,1,0,0,0,0,44,1,0,0,1,0,1,0,0,0,0,0,1,0,0.0
42,1,12,0,0,0,7,1,0,0,0,1,1,0,0,0,0,0,0,1,1.0
22,0,2,0,0,0,0,0,0,1,0,1,1,0,0,0,0,0,0,1,1.0
74,2,1,0,0,0,9,0,1,0,0,1,0,0,1,0,0,0,1,0,1.0
31,0,1,1,0,1,30,1,0,0,0,1,0,0,1,0,0,0,1,0,1.0
21,0,1,0,0,0,1,0,0,1,0,1,1,0,0,0,0,0,0,1,1.0
36,1,1,0,0,0,0,1,0,0,1,0,1,0,0,0,0,0,0,1,0.0
34,9,1,1,0,1,1,1,0,0,0,1,0,0,1,0,0,0,1,0,1.0
21,0,4,1,0,1,4,0,0,1,1,0,1,0,0,0,0,0,1,0,0.0
24,2,1,1,1,1,19,0,0,1,0,1,1,0,0,0,0,0,1,0,0.0
52,23,220,1,0,1,204,0,1,0,0,1,1,0,0,0,0,0,1,0,1.0
20,1,47,1,0,1,46,0,0,1,0,1,1,0,0,0,0,0,1,0,1.0
30,2,1,0,0,0,6,1,0,0,0,1,0,0,0,1,0,0,1,0,1.0
25,4,1,1,0,1,19,1,0,0,0,1,1,0,0,0,0,0,1,0,0.0
64,13,28,0,0,0,1,0,1,0,0,1,1,0,0,0,0,0,0,1,1.0
55,6,1001,0,0,0,36,0,1,0,1,0,0,0,1,0,0,0,1,0,1.0
30,1,62,1,0,1,8,1,0,0,1,0,1,0,0,0,0,0,1,0,1.0
21,0,1,1,1,1,0,0,0,1,0,1,0,1,0,0,0,0,1,0,1.0
37,1,11,0,0,0,8,1,0,0,1,0,1,0,0,0,0,0,1,0,1.0
27,2,1,0,0,0,0,1,0,0,0,1,0,0,0,1,0,0,0,1,1.0
37,7,1,1,0,1,69,1,0,0,0,1,0,0,1,0,0,0,1,0,1.0
33,0,1,0,0,0,5,1,0,0,0,1,0,0,1,0,0,0,1,0,1.0
30,7,0,1,0,1,2,1,0,0,0,1,1,0,0,0,0,0,0,1,0.0
38,8,32,0,0,0,0,1,0,0,0,1,0,0,1,0,0,0,1,0,1.0
53,36,7,1,0,1,32,0,1,0,0,1,0,0,1,0,0,0,1,0,1.0
43,18,1,1,0,1,9,1,0,0,0,1,1,0,0,0,0,0,1,0,1.0
33,0,0,1,1,1,0,1,0,0,0,1,1,0,0,0,0,0,1,0,1.0
40,3,1,1,0,1,0,1,0,0,0,1,1,0,0,0,0,0,1,0,1.0
25,1,13,0,0,0,13,1,0,0,1,0,1,0,0,0,0,0,1,0,1.0
21,3,539,1,1,0,59,0,0,1,1,0,1,0,0,0,0,0,1,0,0.0
26,5,0,0,0,0,0,1,0,0,0,1,0,0,1,0,0,0,0,1,0.0
39,1,1,0,0,0,3,1,0,0,0,1,0,0,1,0,0,0,0,1,1.0
69,0,1,0,0,0,0,0,1,0,0,1,0,0,1,0,0,0,0,1,1.0
23,0,1,1,0,1,1,0,0,1,0,1,1,0,0,0,0,0,0,1,1.0
28,2,1,1,0,1,2,1,0,0,0,1,1,0,0,0,0,0,0,1,0.0
32,6,1,1,0,1,130,1,0,0,0,1,1,0,0,0,0,0,1,0,1.0
39,10,1,1,1,1,0,1,0,0,1,0,0,0,0,1,0,0,1,0,1.0
33,0,0,1,0,1,0,1,0,0,0,1,0,0,1,0,0,0,1,0,1.0
25,2,16,1,1,1,0,1,0,0,1,0,0,0,1,0,0,0,1,0,0.0
39,1,1,0,0,0,39,1,0,0,1,0,0,0,1,0,0,0,1,0,0.0
29,5,1,1,0,0,2,1,0,0,0,1,1,0,0,0,0,0,1,0,1.0
22,1,1,1,0,1,0,0,0,1,0,1,0,0,1,0,0,0,1,0,1.0
32,0,0,0,0,0,1,1,0,0,0,1,0,0,1,0,0,0,1,0,1.0
21,0,1,0,0,0,0,0,0,1,0,1,1,0,0,0,0,0,1,0,1.0
33,1,3,0,0,0,0,1,0,0,1,0,1,0,0,0,0,0,1,0,1.0
24,0,1,0,0,0,1,0,0,1,0,1,0,0,0,1,0,0,0,1,1.0
80,0,1,0,0,0,0,0,1,0,0,1,0,0,1,0,0,0,0,1,1.0
31,4,1,1,1,1,26,1,0,0,0,1,0,0,1,0,0,0,0,1,1.0
39,7,0,1,1,1,0,1,0,0,0,1,1,0,0,0,0,0,1,0,1.0
29,11,1,1,0,1,1,1,0,0,0,1,1,0,0,0,0,0,1,0,1.0
24,1,1,0,0,0,0,0,0,1,1,0,1,0,0,0,0,0,1,0,1.0
31,1,1,0,0,0,0,1,0,0,0,1,1,0,0,0,0,0,1,0,1.0
64,0,1,0,0,0,0,0,1,0,0,1,0,0,1,0,0,0,0,1,1.0
47,3,0,1,0,1,7,0,1,0,0,1,1,0,0,0,0,0,0,1,0.0
26,4,0,1,0,1,0,1,0,0,1,0,1,0,0,0,0,0,1,0,0.0
56,1,1,0,0,0,1,0,1,0,0,1,0,0,1,0,0,0,0,1,1.0
38,2,1,0,0,0,0,1,0,0,1,0,0,0,1,0,0,0,0,1,0.0
31,0,5,0,0,0,4,1,0,0,1,0,1,0,0,0,0,0,0,1,1.0
25,3,58,0,0,0,57,1,0,0,0,1,0,0,1,0,0,0,1,0,0.0
48,0,1,0,0,0,9,0,1,0,1,0,1,0,0,0,0,0,0,1,0.0
39,2,88,1,0,1,31,1,0,0,0,1,0,0,1,0,0,0,1,0,1.0
31,2,1,1,0,1,0,1,0,0,0,1,0,0,1,0,0,0,1,0,0.0
34,0,1,0,0,0,1,1,0,0,0,1,1,0,0,0,0,0,1,0,1.0
26,1,1,1,0,0,1,1,0,0,0,1,1,0,0,0,0,0,1,0,1.0
27,18,0,1,0,1,0,1,0,0,0,1,1,0,0,0,0,0,1,0,0.0
31,8,1,1,0,1,13,1,0,0,0,1,0,0,0,1,0,0,1,0,1.0
19,5,31,1,0,1,28,0,0,1,0,1,0,0,1,0,0,0,0,1,1.0
45,1,378,0,0,0,5,0,1,0,0,1,0,0,0,1,0,0,0,1,0.0
44,0,1,0,0,0,2,1,0,0,0,1,1,0,0,0,0,0,0,1,1.0
29,1,1,0,0,0,0,1,0,0,0,1,0,0,0,1,0,0,0,1,0.0
21,2,0,1,0,0,27,0,0,1,0,1,0,0,1,0,0,0,0,1,1.0
32,2,1,1,0,1,5,1,0,0,0,1,0,0,1,0,0,0,0,1,1.0
23,1,1,0,0,0,0,0,0,1,0,1,0,0,1,0,0,0,0,1,1.0
24,9,1,1,1,1,4,0,0,1,0,1,0,0,0,0,0,1,1,0,1.0
32,3,1,1,0,1,0,1,0,0,1,0,1,0,0,0,0,0,1,0,1.0
36,1,1,1,1,1,0,1,0,0,1,0,1,0,0,0,0,0,1,0,1.0
22,0,0,0,0,0,0,0,0,1,1,0,0,0,0,1,0,0,1,0,1.0
52,0,0,1,0,1,0,0,1,0,0,1,1,0,0,0,0,0,0,1,0.0
26,0,1,0,0,0,0,1,0,0,0,1,0,0,1,0,0,0,1,0,1.0
38,3,1,0,0,0,1,1,0,0,0,1,1,0,0,0,0,0,1,0,1.0
26,1,0,0,0,0,0,1,0,0,0,1,1,0,0,0,0,0,0,1,0.0
24,0,0,0,0,0,0,0,0,1,0,1,0,0,0,0,0,1,0,1,1.0
24,3,1,0,0,0,6,0,0,1,0,1,1,0,0,0,0,0,0,1,0.0
20,0,1,1,0,1,1,0,0,1,0,1,1,0,0,0,0,0,1,0,1.0
24,2,0,1,1,0,91,0,0,1,0,1,0,0,0,1,0,0,1,0,0.0
29,4,1,1,1,0,80,1,0,0,0,1,1,0,0,0,0,0,1,0,0.0
33,1,1,1,0,1,3,1,0,0,0,1,1,0,0,0,0,0,1,0,0.0
26,1,79,1,0,1,221,1,0,0,0,1,0,0,0,1,0,0,1,0,1.0
44,11,0,0,0,0,180,1,0,0,0,1,0,0,1,0,0,0,0,1,1.0
29,3,1,0,0,0,1,1,0,0,0,1,1,0,0,0,0,0,0,1,0.0
36,7,32,0,0,0,7,1,0,0,0,1,1,0,0,0,0,0,0,1,1.0
37,7,1,0,0,0,1,1,0,0,0,1,1,0,0,0,0,0,1,0,1.0
67,0,1,0,0,0,0,0,1,0,0,1,0,1,0,0,0,0,0,1,1.0
47,3,1,0,0,0,0,0,1,0,0,1,0,0,1,0,0,0,1,0,1.0
32,1,1,0,0,0,0,1,0,0,0,1,0,0,1,0,0,0,0,1,1.0
46,0,0,0,0,0,1,0,1,0,0,1,1,0,0,0,0,0,0,1,1.0
20,0,1,1,1,1,4,0,0,1,0,1,1,0,0,0,0,0,0,1,1.0
27,18,1,1,0,1,178,1,0,0,0,1,0,0,1,0,0,0,1,0,1.0
38,25,172,1,0,1,8,1,0,0,0,1,0,0,0,0,1,0,0,1,0.0
29,13,0,1,1,1,1,1,0,0,0,1,1,0,0,0,0,0,1,0,1.0
48,4,1,0,0,0,1,0,1,0,0,1,0,0,0,0,0,1,1,0,1.0
28,7,1,1,1,1,1,1,0,0,0,1,1,0,0,0,0,0,1,0,1.0
37,0,1,1,0,1,0,1,0,0,1,0,0,0,0,0,0,1,0,1,0.0
48,0,1,0,0,0,1,0,1,0,1,0,0,0,1,0,0,0,1,0,1.0
27,0,1,1,0,1,2,1,0,0,1,0,0,0,1,0,0,0,1,0,0.0
53,1,1,0,0,0,0,0,1,0,0,1,0,0,1,0,0,0,1,0,1.0
23,0,1,0,0,0,1,0,0,1,0,1,0,0,1,0,0,0,1,0,0.0
52,1,1,0,0,0,24,0,1,0,0,1,0,0,1,0,0,0,1,0,1.0
39,1,7,0,0,0,62,1,0,0,1,0,1,0,0,0,0,0,1,0,1.0
31,0,1,0,0,0,1,1,0,0,0,1,1,0,0,0,0,0,0,1,1.0
24,2,1,1,1,1,1,0,0,1,1,0,0,0,0,0,0,1,1,0,1.0
44,4,85,1,0,1,1,1,0,0,1,0,0,0,0,1,0,0,1,0,1.0
44,1,3,1,0,1,1,1,0,0,1,0,0,0,1,0,0,0,1,0,1.0
38,16,1,1,1,1,241,1,0,0,0,1,1,0,0,0,0,0,1,0,1.0
24,0,1,0,0,0,1,0,0,1,1,0,1,0,0,0,0,0,0,1,1.0
27,8,53,1,1,1,27,1,0,0,0,1,1,0,0,0,0,0,1,0,1.0
29,0,0,0,0,0,1,1,0,0,0,1,1,0,0,0,0,0,0,1,1.0
26,1,6,0,0,0,5,1,0,0,1,0,0,0,0,1,0,0,0,1,1.0
21,4,122,1,0,1,54,0,0,1,1,0,1,0,0,0,0,0,1,0,0.0
35,7,1,0,0,0,1,1,0,0,0,1,1,0,0,0,0,0,1,0,1.0
55,0,1,0,0,0,2,0,1,0,0,1,0,0,1,0,0,0,1,0,1.0
37,2,1,0,0,0,0,1,0,0,0,1,0,0,1,0,0,0,1,0,1.0
21,0,1,0,0,0,4,0,0,1,0,1,0,0,0,1,0,0,1,0,1.0
20,0,1,1,0,1,18,0,0,1,1,0,0,0,1,0,0,0,1,0,1.0
31,1,22,1,0,1,0,1,0,0,1,0,0,0,1,0,0,0,1,0,1.0
24,1,1,1,0,1,75,0,0,1,0,1,1,0,0,0,0,0,1,0,1.0
37,2,12,0,0,0,12,1,0,0,0,1,0,0,1,0,0,0,0,1,1.0
29,1,18,0,0,0,2,1,0,0,0,1,0,0,1,0,0,0,1,0,1.0
30,4,5,0,0,0,0,1,0,0,1,0,1,0,0,0,0,0,1,0,1.0
46,1,1,0,0,0,10,0,1,0,0,1,0,0,1,0,0,0,1,0,1.0
50,1,1,0,0,0,0,0,1,0,0,1,1,0,0,0,0,0,1,0,0.0
30,6,1,0,0,0,133,1,0,0,0,1,1,0,0,0,0,0,1,0,0.0
24,0,2,0,0,0,0,0,0,1,0,1,0,0,1,0,0,0,1,0,0.0
32,9,59,0,0,0,57,1,0,0,0,1,1,0,0,0,0,0,1,0,1.0
30,0,0,0,0,0,0,1,0,0,0,1,0,0,0,1,0,0,1,0,1.0
37,2,1,1,1,1,51,1,0,0,0,1,0,0,0,0,0,1,1,0,1.0
27,3,1,1,0,1,12,1,0,0,0,1,1,0,0,0,0,0,0,1,0.0
37,0,1,0,0,0,126,1,0,0,0,1,0,0,1,0,0,0,1,0,1.0
37,3,1,0,0,0,1,1,0,0,0,1,1,0,0,0,0,0,0,1,1.0
27,0,0,0,0,0,17,1,0,0,0,1,1,0,0,0,0,0,1,0,1.0
49,12,1,1,0,1,2,0,1,0,0,1,0,0,1,0,0,0,1,0,1.0
56,8,67,0,0,0,79,0,1,0,0,1,1,0,0,0,0,0,1,0,0.0
25,21,0,1,0,1,117,1,0,0,0,1,1,0,0,0,0,0,1,0,1.0
53,0,0,0,0,0,1,0,1,0,0,1,0,0,1,0,0,0,0,1,1.0
20,0,2,0,0,0,0,0,0,1,0,1,0,0,0,0,0,1,1,0,0.0
75,1,35,1,0,1,30,0,1,0,0,1,0,0,1,0,0,0,1,0,1.0
37,0,1,1,1,0,1,1,0,0,0,1,1,0,0,0,0,0,0,1,1.0
24,3,0,1,0,1,0,0,0,1,0,1,1,0,0,0,0,0,0,1,1.0
27,2,1,1,0,1,15,1,0,0,0,1,1,0,0,0,0,0,0,1,1.0
33,4,0,1,0,1,2,1,0,0,0,1,0,0,0,0,0,1,1,0,1.0
22,0,1,1,0,1,1,0,0,1,0,1,1,0,0,0,0,0,1,0,1.0
37,0,1,1,1,1,1,1,0,0,0,1,1,0,0,0,0,0,0,1,1.0
50,24,0,1,1,1,32,0,1,0,0,1,1,0,0,0,0,0,0,1,1.0
47,1,3,1,0,0,0,0,1,0,0,1,1,0,0,0,0,0,1,0,0.0
43,6,0,0,0,0,0,1,0,0,1,0,1,0,0,0,0,0,1,0,0.0
27,0,0,0,0,0,1,1,0,0,0,1,1,0,0,0,0,0,0,1,0.0
26,3,1,1,0,1,205,1,0,0,0,1,1,0,0,0,0,0,0,1,0.0
23,0,1,1,1,0,1,0,0,1,1,0,1,0,0,0,0,0,0,1,1.0
45,9,0,1,0,0,75,0,1,0,1,0,1,0,0,0,0,0,0,1,1.0
24,11,1,1,0,1,77,0,0,1,1,0,1,0,0,0,0,0,0,1,0.0
33,0,1,0,0,0,1,1,0,0,1,0,1,0,0,0,0,0,1,0,1.0
29,1,1,0,0,0,0,1,0,0,0,1,0,0,0,1,0,0,1,0,1.0
27,0,0,0,0,0,1,1,0,0,0,1,1,0,0,0,0,0,0,1,1.0
35,3,1,1,1,1,1,1,0,0,0,1,0,0,1,0,0,0,1,0,0.0
28,3,1,0,0,0,1,1,0,0,0,1,0,0,1,0,0,0,1,0,1.0
44,2,1,0,0,0,1,1,0,0,0,1,0,0,0,1,0,0,1,0,0.0
35,0,1,0,0,0,0,1,0,0,0,1,0,0,0,1,0,0,0,1,1.0
57,1,15,0,0,0,1,0,1,0,0,1,0,0,0,1,0,0,0,1,1.0
23,4,1,1,0,1,143,0,0,1,0,1,1,0,0,0,0,0,1,0,1.0
66,1,46,0,0,0,28,0,1,0,1,0,0,0,1,0,0,0,0,1,1.0
27,5,1,1,0,1,1,1,0,0,0,1,1,0,0,0,0,0,1,0,1.0
30,0,1,0,0,0,0,1,0,0,0,1,0,0,1,0,0,0,1,0,1.0
36,6,1,0,0,0,84,1,0,0,0,1,1,0,0,0,0,0,1,0,0.0
28,5,1,1,0,1,3,1,0,0,0,1,1,0,0,0,0,0,1,0,1.0
24,1,0,0,0,0,0,0,0,1,0,1,1,0,0,0,0,0,1,0,1.0
22,0,1,1,0,1,0,0,0,1,0,1,0,0,1,0,0,0,0,1,1.0
46,1,1,0,0,0,0,0,1,0,1,0,1,0,0,0,0,0,0,1,0.0
41,0,2,0,0,0,0,1,0,0,0,1,0,0,0,1,0,0,1,0,0.0
24,1,1,0,0,0,0,0,0,1,0,1,0,0,0,1,0,0,1,0,1.0
36,5,2,0,0,0,0,1,0,0,0,1,0,0,0,1,0,0,1,0,1.0
42,33,200,1,0,1,0,1,0,0,0,1,1,0,0,0,0,0,1,0,1.0
26,2,0,0,0,0,1,1,0,0,0,1,0,0,0,1,0,0,0,1,1.0
42,7,1,1,1,1,1,1,0,0,0,1,1,0,0,0,0,0,1,0,1.0
25,0,1,0,0,0,0,1,0,0,1,0,0,0,1,0,0,0,0,1,0.0
34,14,1,1,0,1,40,1,0,0,0,1,0,0,0,1,0,0,1,0,1.0
59,2,15,1,1,1,0,0,1,0,0,1,0,0,1,0,0,0,0,1,0.0
64,0,1,0,0,0,0,0,1,0,1,0,0,0,1,0,0,0,0,1,1.0
35,4,1,0,0,0,31,1,0,0,0,1,0,0,1,0,0,0,0,1,1.0
30,2,1,1,0,1,0,1,0,0,0,1,1,0,0,0,0,0,1,0,0.0
70,1,1,0,0,0,1,0,1,0,1,0,1,0,0,0,0,0,1,0,0.0
40,5,7,1,0,1,0,1,0,0,0,1,0,0,1,0,0,0,1,0,0.0
36,9,1,1,0,1,0,1,0,0,1,0,0,0,0,1,0,0,1,0,0.0
39,3,1,0,0,0,0,1,0,0,0,1,0,0,0,1,0,0,0,1,1.0
47,3,1,0,0,0,13,0,1,0,0,1,0,0,1,0,0,0,1,0,1.0
27,5,2,1,0,1,1,1,0,0,1,0,0,0,0,0,0,1,1,0,1.0
25,1,106,0,0,0,31,1,0,0,0,1,0,0,0,1,0,0,1,0,1.0
28,1,0,1,1,1,4,1,0,0,0,1,0,0,1,0,0,0,1,0,1.0
44,0,1,0,0,0,0,1,0,0,0,1,0,0,1,0,0,0,0,1,0.0
36,1,0,0,0,0,0,1,0,0,0,1,0,0,1,0,0,0,1,0,1.0
28,1,1,0,0,0,4,1,0,0,0,1,0,0,1,0,0,0,1,0,1.0
38,1,0,0,0,0,14,1,0,0,0,1,0,0,1,0,0,0,0,1,1.0
26,5,1,1,1,1,35,1,0,0,0,1,0,0,1,0,0,0,1,0,1.0
71,3,1,0,0,0,0,0,1,0,0,1,0,0,1,0,0,0,0,1,1.0
36,0,3,0,0,0,0,1,0,0,0,1,1,0,0,0,0,0,1,0,1.0
38,0,0,0,0,0,1,1,0,0,0,1,1,0,0,0,0,0,1,0,0.0
22,0,1,1,1,1,1,0,0,1,0,1,1,0,0,0,0,0,0,1,1.0
47,2,3,0,0,0,0,0,1,0,0,1,0,0,1,0,0,0,1,0,0.0
38,3,0,0,0,0,1,1,0,0,0,1,1,0,0,0,0,0,1,0,0.0
29,1,7,0,0,0,179,1,0,0,1,0,1,0,0,0,0,0,1,0,1.0
44,0,1,0,0,0,4,1,0,0,0,1,0,0,1,0,0,0,1,0,1.0
36,3,2,1,0,1,1,1,0,0,1,0,0,0,1,0,0,0,1,0,1.0
26,6,1,0,0,0,0,1,0,0,0,1,1,0,0,0,0,0,0,1,1.0
25,1,1,1,1,1,1,1,0,0,1,0,1,0,0,0,0,0,0,1,1.0
26,0,2,0,0,0,0,1,0,0,0,1,0,0,1,0,0,0,0,1,1.0
33,3,0,0,0,0,0,1,0,0,0,1,1,0,0,0,0,0,1,0,1.0
32,15,1,1,0,1,70,1,0,0,0,1,0,0,1,0,0,0,1,0,0.0
36,1,0,0,0,0,0,1,0,0,0,1,1,0,0,0,0,0,0,1,0.0
63,0,1,0,0,0,0,0,1,0,0,1,1,0,0,0,0,0,0,1,1.0
30,2,1,0,0,0,0,1,0,0,1,0,1,0,0,0,0,0,1,0,0.0
26,5,1,1,1,1,6,1,0,0,1,0,1,0,0,0,0,0,1,0,0.0
41,2,1,0,0,0,14,1,0,0,0,1,1,0,0,0,0,0,1,0,1.0
36,4,1,0,0,0,0,1,0,0,0,1,0,0,1,0,0,0,0,1,1.0
39,0,1,0,0,0,1,1,0,0,0,1,0,0,1,0,0,0,1,0,0.0
22,0,1,0,0,0,1,0,0,1,0,1,1,0,0,0,0,0,1,0,1.0
52,0,1,1,0,1,0,0,1,0,0,1,0,0,0,1,0,0,0,1,1.0
50,0,1,1,0,1,0,0,1,0,0,1,0,0,0,0,0,1,1,0,1.0
22,3,1,1,0,1,1,0,0,1,0,1,0,0,1,0,0,0,1,0,0.0
37,1,25,0,0,0,1,1,0,0,1,0,0,0,1,0,0,0,0,1,0.0
30,0,1,0,0,0,1,1,0,0,0,1,0,0,1,0,0,0,1,0,1.0
29,0,1,1,0,1,1,1,0,0,0,1,1,0,0,0,0,0,1,0,1.0
54,1,102,1,0,1,100,0,1,0,0,1,0,0,1,0,0,0,1,0,1.0
23,3,1,1,1,1,9,0,0,1,0,1,1,0,0,0,0,0,0,1,1.0
28,9,1,0,0,0,1,1,0,0,0,1,1,0,0,0,0,0,0,1,1.0
48,11,1,1,0,1,56,0,1,0,0,1,1,0,0,0,0,0,0,1,1.0
22,0,1,0,0,0,2,0,0,1,0,1,1,0,0,0,0,0,0,1,0.0
30,1,18,0,0,0,17,1,0,0,0,1,0,0,0,1,0,0,1,0,0.0
40,21,1,0,0,0,29,1,0,0,0,1,1,0,0,0,0,0,1,0,1.0
20,0,1,0,0,0,0,0,0,1,0,1,0,0,0,1,0,0,1,0,1.0
24,1,216,0,0,0,0,0,0,1,0,1,1,0,0,0,0,0,1,0,1.0
19,1,1,1,0,1,1,0,0,1,0,1,1,0,0,0,0,0,1,0,0.0
24,0,0,0,0,0,0,0,0,1,1,0,0,0,1,0,0,0,1,0,1.0
50,3,1,0,0,0,0,0,1,0,0,1,1,0,0,0,0,0,0,1,1.0
52,2,1,0,0,0,1,0,1,0,0,1,0,0,1,0,0,0,0,1,0.0
48,5,1,1,0,1,0,0,1,0,0,1,1,0,0,0,0,0,0,1,1.0
29,10,1,1,1,1,2,1,0,0,0,1,0,0,1,0,0,0,1,0,1.0
44,1,1,0,0,0,1,1,0,0,0,1,0,0,1,0,0,0,1,0,1.0
42,0,1,0,0,0,0,1,0,0,0,1,1,0,0,0,0,0,1,0,0.0
31,5,1,1,0,1,1,1,0,0,0,1,0,0,1,0,0,0,1,0,1.0
29,2,2,0,0,0,2,1,0,0,0,1,0,0,1,0,0,0,1,0,1.0
22,1,0,1,0,1,16,0,0,1,0,1,1,0,0,0,0,0,0,1,0.0
28,14,1,0,0,0,0,1,0,0,0,1,0,0,1,0,0,0,1,0,1.0
25,2,25,1,0,1,1,1,0,0,0,1,0,0,1,0,0,0,1,0,0.0
27,1,1,1,0,1,0,1,0,0,1,0,0,0,1,0,0,0,1,0,1.0
26,2,0,1,0,1,33,1,0,0,1,0,0,0,1,0,0,0,1,0,1.0
26,5,1,1,1,1,6,1,0,0,0,1,1,0,0,0,0,0,1,0,0.0
36,5,1,1,0,1,0,1,0,0,1,0,0,0,1,0,0,0,1,0,1.0
37,1,1,0,0,0,3,1,0,0,0,1,1,0,0,0,0,0,1,0,1.0
56,28,69,0,0,0,60,0,1,0,0,1,1,0,0,0,0,0,1,0,1.0
23,2,1,0,0,0,35,0,0,1,0,1,0,0,0,1,0,0,1,0,0.0
25,0,0,1,0,1,1,1,0,0,0,1,1,0,0,0,0,0,0,1,1.0
24,2,1,0,0,0,1,0,0,1,1,0,1,0,0,0,0,0,1,0,1.0
50,30,1,1,0,1,3,0,1,0,1,0,0,0,1,0,0,0,0,1,1.0
24,1,24,0,0,0,0,0,0,1,1,0,0,0,1,0,0,0,0,1,1.0
24,14,1,1,1,1,180,0,0,1,0,1,1,0,0,0,0,0,1,0,1.0
26,10,1,1,1,1,0,1,0,0,0,1,1,0,0,0,0,0,1,0,1.0
25,6,1,0,0,0,24,1,0,0,1,0,0,0,1,0,0,0,1,0,1.0
46,2,1,0,0,0,1,0,1,0,0,1,0,0,0,0,0,1,1,0,0.0
22,0,1,0,0,0,1,0,0,1,1,0,0,0,1,0,0,0,0,1,1.0
26,0,1,0,0,0,0,1,0,0,0,1,1,0,0,0,0,0,0,1,0.0
24,0,1,0,0,0,0,0,0,1,1,0,0,0,1,0,0,0,0,1,1.0
22,0,0,0,0,0,0,0,0,1,0,1,1,0,0,0,0,0,0,1,1.0
22,1,97,0,0,0,96,0,0,1,1,0,1,0,0,0,0,0,1,0,1.0
78,1,1,1,0,1,0,0,1,0,0,1,0,0,1,0,0,0,0,1,1.0
20,3,0,1,0,1,1,0,0,1,0,1,1,0,0,0,0,0,1,0,1.0
37,16,1,1,1,1,2,1,0,0,0,1,1,0,0,0,0,0,1,0,0.0
21,1,1,0,0,0,1,0,0,1,0,1,0,0,1,0,0,0,1,0,0.0
39,0,3,0,0,0,0,1,0,0,0,1,1,0,0,0,0,0,0,1,1.0
24,0,0,1,0,1,1,0,0,1,0,1,1,0,0,0,0,0,1,0,0.0
32,17,84,1,0,1,209,1,0,0,0,1,1,0,0,0,0,0,1,0,1.0
36,0,1,0,0,0,24,1,0,0,0,1,0,0,1,0,0,0,1,0,1.0
52,4,1,1,0,1,1,0,1,0,0,1,0,0,1,0,0,0,0,1,0.0
23,4,1,1,0,1,7,0,0,1,0,1,0,0,1,0,0,0,0,1,0.0
48,0,1,0,0,0,17,0,1,0,1,0,0,0,0,0,0,1,1,0,1.0
25,1,1,1,0,1,1,1,0,0,0,1,1,0,0,0,0,0,1,0,1.0
37,22,1,1,0,1,81,1,0,0,0,1,1,0,0,0,0,0,1,0,1.0
35,16,35,1,0,1,0,1,0,0,0,1,0,0,1,0,0,0,1,0,1.0
25,24,1,1,1,1,0,1,0,0,0,1,0,0,0,0,0,1,1,0,1.0
54,2,26,0,0,0,0,0,1,0,0,1,1,0,0,0,0,0,0,1,0.0
30,4,35,1,1,1,0,1,0,0,1,0,0,0,0,1,0,0,1,0,1.0
48,7,1,1,0,1,4,0,1,0,0,1,1,0,0,0,0,0,0,1,1.0
51,15,1,1,0,1,34,0,1,0,0,1,1,0,0,0,0,0,1,0,1.0
24,0,1,0,0,0,1,0,0,1,1,0,0,0,0,0,0,1,1,0,1.0
56,1,20,0,0,0,1,0,1,0,1,0,0,0,1,0,0,0,1,0,1.0
38,1,1,1,1,1,0,1,0,0,0,1,0,0,1,0,0,0,0,1,1.0
28,9,1,0,0,0,0,1,0,0,0,1,0,0,1,0,0,0,0,1,1.0
30,3,0,0,0,0,0,1,0,0,1,0,0,0,1,0,0,0,1,0,0.0
34,19,76,1,1,1,73,1,0,0,0,1,1,0,0,0,0,0,1,0,1.0
26,8,1,1,0,1,14,1,0,0,0,1,1,0,0,0,0,0,1,0,1.0
50,26,92,1,0,1,1,0,1,0,0,1,0,0,1,0,0,0,1,0,1.0
20,0,1,1,0,1,0,0,0,1,0,1,1,0,0,0,0,0,1,0,0.0
24,1,1,0,0,0,0,0,0,1,0,1,0,0,0,1,0,0,1,0,1.0
46,5,1,0,0,0,0,0,1,0,0,1,0,0,1,0,0,0,1,0,1.0
41,7,0,1,0,1,1,1,0,0,1,0,1,0,0,0,0,0,1,0,1.0
28,0,0,0,0,0,53,1,0,0,0,1,0,0,1,0,0,0,1,0,0.0
24,4,1,1,0,1,1,0,0,1,0,1,1,0,0,0,0,0,1,0,0.0
24,7,1,1,0,1,0,0,0,1,0,1,1,0,0,0,0,0,1,0,1.0
30,1,1,0,0,0,0,1,0,0,1,0,0,0,0,1,0,0,0,1,0.0
26,0,1,0,0,0,1,1,0,0,0,1,1,0,0,0,0,0,1,0,1.0
37,1,0,1,0,1,1,1,0,0,0,1,0,0,1,0,0,0,1,0,1.0
40,13,752,1,1,1,107,1,0,0,1,0,1,0,0,0,0,0,1,0,0.0
47,1,0,0,0,0,0,0,1,0,0,1,0,0,1,0,0,0,0,1,1.0
22,0,0,0,0,0,1,0,0,1,1,0,1,0,0,0,0,0,1,0,1.0
39,1,1,0,0,0,0,1,0,0,0,1,0,0,1,0,0,0,1,0,1.0
29,16,1,0,0,0,17,1,0,0,0,1,1,0,0,0,0,0,1,0,1.0
42,1,1,0,0,0,0,1,0,0,1,0,1,0,0,0,0,0,1,0,1.0
23,3,1,1,0,1,6,0,0,1,0,1,1,0,0,0,0,0,1,0,0.0
55,18,248,1,0,1,55,0,1,0,0,1,0,0,1,0,0,0,1,0,0.0
35,27,103,0,0,0,1,1,0,0,0,1,1,0,0,0,0,0,1,0,1.0
24,2,1,1,0,1,10,0,0,1,0,1,1,0,0,0,0,0,1,0,1.0
29,7,0,1,0,1,1,1,0,0,1,0,1,0,0,0,0,0,1,0,1.0
68,0,3,0,0,0,0,0,1,0,0,1,0,0,0,1,0,0,0,1,0.0
22,0,6,0,0,0,0,0,0,1,1,0,1,0,0,0,0,0,1,0,1.0
23,2,137,1,0,1,0,0,0,1,0,1,1,0,0,0,0,0,0,1,1.0
31,1,1,1,0,1,1,1,0,0,0,1,0,0,1,0,0,0,1,0,0.0
21,2,306,0,0,0,293,0,0,1,0,1,1,0,0,0,0,0,1,0,1.0
43,11,49,1,1,1,121,1,0,0,0,1,0,0,1,0,0,0,1,0,1.0
32,3,1,0,0,0,0,1,0,0,0,1,1,0,0,0,0,0,0,1,1.0
25,0,0,0,0,0,0,1,0,0,0,1,0,0,1,0,0,0,1,0,0.0
26,2,1,1,0,1,0,1,0,0,1,0,1,0,0,0,0,0,0,1,1.0
34,3,6,0,0,0,5,1,0,0,0,1,0,0,0,1,0,0,0,1,1.0
46,0,1,0,0,0,1,0,1,0,1,0,0,0,1,0,0,0,0,1,1.0
32,21,1,1,0,1,64,1,0,0,0,1,1,0,0,0,0,0,1,0,0.0
22,1,1,1,1,1,0,0,0,1,0,1,1,0,0,0,0,0,0,1,1.0
59,1,1,0,0,0,0,0,1,0,0,1,1,0,0,0,0,0,1,0,1.0
25,1,0,1,0,1,0,1,0,0,0,1,1,0,0,0,0,0,1,0,1.0
28,6,0,1,1,1,80,1,0,0,0,1,1,0,0,0,0,0,1,0,1.0
52,0,1,0,0,0,13,0,1,0,0,1,1,0,0,0,0,0,1,0,1.0
29,5,1,0,0,0,258,1,0,0,0,1,0,0,0,0,0,1,1,0,1.0
26,1,24,1,0,1,0,1,0,0,0,1,0,0,0,1,0,0,0,1,1.0
28,1,0,1,1,1,0,1,0,0,0,1,1,0,0,0,0,0,1,0,1.0
45,0,1,0,0,0,0,0,1,0,1,0,0,0,1,0,0,0,0,1,0.0
31,8,1,1,0,1,0,1,0,0,0,1,1,0,0,0,0,0,1,0,1.0
48,1,21,0,0,0,21,0,1,0,0,1,0,0,0,0,0,1,1,0,0.0
23,2,0,1,0,1,1,0,0,1,0,1,1,0,0,0,0,0,1,0,0.0
42,4,1,1,0,1,17,1,0,0,0,1,0,0,1,0,0,0,1,0,1.0
21,4,1,1,0,1,0,0,0,1,0,1,0,0,0,1,0,0,1,0,1.0
24,1,8,0,0,0,2,0,0,1,0,1,0,0,1,0,0,0,0,1,1.0
41,17,171,1,1,1,47,1,0,0,0,1,0,0,1,0,0,0,0,1,1.0
26,4,1,1,0,1,2,1,0,0,0,1,0,0,1,0,0,0,1,0,1.0
25,0,0,1,0,1,1,1,0,0,0,1,0,0,1,0,0,0,0,1,1.0
26,1,1,1,1,1,1,1,0,0,0,1,1,0,0,0,0,0,0,1,1.0
27,5,0,1,0,1,37,1,0,0,0,1,1,0,0,0,0,0,0,1,1.0
54,3,1,0,0,0,0,0,1,0,0,1,0,0,1,0,0,0,1,0,1.0
56,10,1,1,1,1,13,0,1,0,0,1,0,0,0,1,0,0,0,1,1.0
34,5,13,0,0,0,2,1,0,0,0,1,1,0,0,0,0,0,0,1,1.0
24,1,1,0,0,0,0,0,0,1,0,1,1,0,0,0,0,0,1,0,1.0
30,6,0,1,0,1,1,1,0,0,0,1,1,0,0,0,0,0,1,0,1.0
37,0,1,0,0,0,0,1,0,0,1,0,0,0,1,0,0,0,0,1,1.0
63,0,1,0,0,0,0,0,1,0,1,0,0,0,1,0,0,0,0,1,0.0
25,7,1,0,0,0,18,1,0,0,0,1,1,0,0,0,0,0,1,0,0.0
25,2,1,1,0,1,0,1,0,0,0,1,0,0,0,1,0,0,1,0,1.0
26,1,30,1,1,1,4,1,0,0,0,1,1,0,0,0,0,0,1,0,1.0
19,2,21,1,0,1,14,0,0,1,0,1,1,0,0,0,0,0,1,0,1.0
24,6,0,1,1,1,3,0,0,1,1,0,0,0,1,0,0,0,1,0,0.0
24,5,1,1,0,1,6,0,0,1,0,1,1,0,0,0,0,0,1,0,1.0
25,0,1,0,0,0,0,1,0,0,1,0,0,0,0,0,0,1,1,0,1.0
47,0,1,0,0,0,0,0,1,0,0,1,0,0,0,0,0,1,0,1,1.0
25,3,0,1,0,1,0,1,0,0,0,1,1,0,0,0,0,0,0,1,1.0
27,3,1,1,1,1,6,1,0,0,0,1,1,0,0,0,0,0,0,1,1.0
22,1,1,1,0,0,2,0,0,1,1,0,0,0,0,1,0,0,1,0,1.0
20,4,1,1,0,1,2,0,0,1,0,1,1,0,0,0,0,0,1,0,1.0
51,4,26,0,0,0,0,0,1,0,0,1,0,0,1,0,0,0,0,1,1.0
22,3,1,1,0,1,1,0,0,1,0,1,1,0,0,0,0,0,1,0,1.0
43,0,1,0,0,0,1,1,0,0,1,0,1,0,0,0,0,0,0,1,1.0
26,0,6,0,0,0,6,1,0,0,1,0,1,0,0,0,0,0,0,1,1.0
29,2,0,1,0,0,0,1,0,0,0,1,1,0,0,0,0,0,0,1,1.0
26,2,1,0,0,0,1,1,0,0,0,1,1,0,0,0,0,0,1,0,1.0
23,0,1,0,0,0,1,0,0,1,0,1,1,0,0,0,0,0,1,0,1.0
51,1,1,0,0,0,0,0,1,0,1,0,1,0,0,0,0,0,0,1,1.0
30,0,1,0,0,0,0,1,0,0,0,1,0,0,1,0,0,0,1,0,1.0
41,2,132,0,0,0,128,1,0,0,0,1,0,0,0,1,0,0,1,0,1.0
56,1,1,0,0,0,3,0,1,0,0,1,0,0,1,0,0,0,0,1,1.0
49,10,1,1,0,1,43,0,1,0,0,1,1,0,0,0,0,0,1,0,1.0
47,0,1,0,0,0,3,0,1,0,1,0,0,0,0,0,0,1,1,0,1.0
54,1,7,0,0,0,4,0,1,0,1,0,0,0,1,0,0,0,0,1,1.0
59,0,0,0,0,0,0,0,1,0,0,1,0,0,1,0,0,0,0,1,1.0
25,0,1,0,0,0,1,1,0,0,1,0,0,0,1,0,0,0,0,1,1.0
42,1,1,0,0,0,2,1,0,0,0,1,0,0,0,0,0,1,1,0,1.0
31,9,1,1,0,1,470,1,0,0,0,1,0,0,1,0,0,0,1,0,1.0
26,6,1,0,0,0,1,1,0,0,0,1,1,0,0,0,0,0,1,0,1.0
29,6,1,1,0,1,0,1,0,0,0,1,1,0,0,0,0,0,1,0,1.0
24,4,120,1,1,1,0,0,0,1,0,1,0,1,0,0,0,0,1,0,1.0
58,4,14,1,1,1,1,0,1,0,1,0,1,0,0,0,0,0,1,0,0.0
32,0,1,0,0,0,0,1,0,0,0,1,0,0,1,0,0,0,0,1,1.0
59,3,0,1,1,1,1,0,1,0,0,1,0,0,1,0,0,0,0,1,1.0
29,1,1,0,0,0,3,1,0,0,0,1,1,0,0,0,0,0,0,1,1.0
23,8,1,1,0,1,2,0,0,1,0,1,1,0,0,0,0,0,1,0,1.0
22,0,1,1,0,1,1,0,0,1,0,1,1,0,0,0,0,0,1,0,1.0
21,0,0,0,0,0,2,0,0,1,0,1,1,0,0,0,0,0,1,0,0.0
28,5,1,0,0,0,1,1,0,0,0,1,1,0,0,0,0,0,0,1,1.0
34,1,50,0,0,0,0,1,0,0,0,1,0,0,1,0,0,0,1,0,1.0
48,0,1,0,0,0,0,0,1,0,1,0,0,0,1,0,0,0,0,1,1.0
48,8,1,1,0,1,11,0,1,0,0,1,1,0,0,0,0,0,1,0,1.0
51,3,1,0,0,0,6,0,1,0,0,1,0,0,1,0,0,0,1,0,1.0
24,1,1,0,0,0,33,0,0,1,0,1,1,0,0,0,0,0,1,0,1.0
48,0,1,0,0,0,1,0,1,0,1,0,0,0,1,0,0,0,1,0,1.0
38,3,1,0,0,0,0,1,0,0,1,0,0,0,1,0,0,0,1,0,0.0
30,2,1,1,0,1,0,1,0,0,0,1,0,0,1,0,0,0,0,1,1.0
41,14,0,1,0,1,0,1,0,0,0,1,1,0,0,0,0,0,1,0,1.0
44,1,0,0,0,0,0,1,0,0,0,1,1,0,0,0,0,0,0,1,0.0
25,7,0,1,0,1,0,1,0,0,0,1,1,0,0,0,0,0,1,0,1.0
31,3,716,1,0,1,0,1,0,0,0,1,1,0,0,0,0,0,1,0,0.0
31,0,1,0,0,0,0,1,0,0,0,1,1,0,0,0,0,0,1,0,1.0
24,3,1,1,0,1,1,0,0,1,0,1,1,0,0,0,0,0,1,0,1.0
28,3,1,1,0,1,37,1,0,0,0,1,0,0,1,0,0,0,1,0,1.0
25,5,77,0,0,0,57,1,0,0,0,1,1,0,0,0,0,0,1,0,0.0
38,5,1,0,0,0,0,1,0,0,0,1,1,0,0,0,0,0,0,1,0.0
22,1,2,1,0,1,0,0,0,1,0,1,0,0,1,0,0,0,1,0,1.0
29,1,1,0,0,0,14,1,0,0,0,1,0,0,1,0,0,0,1,0,0.0
41,9,2,1,0,1,0,1,0,0,1,0,0,0,1,0,0,0,0,1,1.0
47,3,1,0,0,0,2,0,1,0,0,1,0,0,1,0,0,0,1,0,1.0
51,0,1,0,0,0,0,0,1,0,0,1,0,0,1,0,0,0,0,1,1.0
35,10,232,1,0,1,0,1,0,0,0,1,1,0,0,0,0,0,0,1,0.0
38,5,1,0,0,0,1,1,0,0,0,1,1,0,0,0,0,0,1,0,1.0
25,0,1,0,0,0,0,1,0,0,0,1,1,0,0,0,0,0,1,0,0.0
32,2,0,1,0,1,0,1,0,0,0,1,0,0,0,1,0,0,0,1,1.0
60,15,38,1,0,1,38,0,1,0,0,1,1,0,0,0,0,0,1,0,1.0
30,8,0,1,0,1,64,1,0,0,0,1,1,0,0,0,0,0,1,0,1.0
32,0,1,0,0,0,0,1,0,0,1,0,0,0,0,0,0,1,0,1,0.0
25,0,1,0,0,0,0,1,0,0,0,1,1,0,0,0,0,0,0,1,1.0
32,5,29,1,0,0,4,1,0,0,1,0,0,0,1,0,0,0,1,0,1.0
37,0,1,1,0,1,35,1,0,0,0,1,0,0,1,0,0,0,1,0,1.0
29,11,1,0,0,0,0,1,0,0,1,0,1,0,0,0,0,0,1,0,1.0
59,0,0,0,0,0,0,0,1,0,0,1,0,0,1,0,0,0,1,0,0.0
32,9,1,0,0,0,56,1,0,0,0,1,1,0,0,0,0,0,1,0,0.0
40,0,0,0,0,0,64,1,0,0,0,1,0,0,0,1,0,0,1,0,0.0
31,5,1,1,0,0,2,1,0,0,0,1,1,0,0,0,0,0,1,0,0.0
33,8,49,1,0,1,7,1,0,0,0,1,1,0,0,0,0,0,1,0,0.0
33,11,57,1,0,1,57,1,0,0,0,1,1,0,0,0,0,0,1,0,1.0
51,9,1,1,0,1,35,0,1,0,0,1,1,0,0,0,0,0,1,0,1.0
55,0,1,0,0,0,1,0,1,0,1,0,0,0,1,0,0,0,0,1,1.0
29,9,1,1,0,1,214,1,0,0,1,0,1,0,0,0,0,0,0,1,1.0
29,11,1,1,0,1,23,1,0,0,1,0,1,0,0,0,0,0,1,0,1.0
30,0,0,1,0,1,1,1,0,0,0,1,0,0,1,0,0,0,0,1,1.0
37,11,1,0,0,0,1,1,0,0,0,1,1,0,0,0,0,0,1,0,1.0
38,0,1,0,0,0,1,1,0,0,0,1,1,0,0,0,0,0,1,0,1.0
47,2,1,0,0,0,0,0,1,0,0,1,0,0,1,0,0,0,0,1,1.0
49,1,26,0,0,0,0,0,1,0,0,1,0,0,1,0,0,0,0,1,1.0
36,3,1,1,1,1,45,1,0,0,0,1,0,0,0,0,0,1,0,1,1.0
24,1,5,0,0,0,0,0,0,1,0,1,0,0,1,0,0,0,1,0,1.0
27,0,0,1,0,1,1,1,0,0,1,0,0,0,1,0,0,0,0,1,0.0
23,2,1,1,0,1,6,0,0,1,0,1,1,0,0,0,0,0,1,0,0.0
33,0,1,0,0,0,10,1,0,0,0,1,0,0,0,0,0,1,0,1,0.0
53,3,1,0,0,0,0,0,1,0,0,1,0,0,0,1,0,0,0,1,1.0
41,19,1,1,1,1,42,1,0,0,0,1,0,0,0,1,0,0,1,0,1.0
36,2,1,0,0,0,0,1,0,0,0,1,1,0,0,0,0,0,1,0,1.0
56,2,108,0,0,0,1,0,1,0,0,1,0,0,0,1,0,0,1,0,1.0
54,2,1,0,0,0,188,0,1,0,0,1,0,0,0,1,0,0,1,0,0.0
20,0,1,0,0,0,0,0,0,1,0,1,1,0,0,0,0,0,1,0,1.0
61,11,1,0,0,0,1,0,1,0,0,1,1,0,0,0,0,0,1,0,1.0
29,0,1,1,0,1,1,1,0,0,0,1,1,0,0,0,0,0,0,1,1.0
52,7,1,0,0,0,0,0,1,0,0,1,0,0,1,0,0,0,0,1,0.0
34,1,1,0,0,0,51,1,0,0,0,1,0,0,1,0,0,0,1,0,1.0
28,0,1,0,0,0,1,1,0,0,0,1,1,0,0,0,0,0,1,0,0.0
27,1,3,0,0,0,3,1,0,0,0,1,1,0,0,0,0,0,1,0,1.0
43,3,21,1,0,1,2,1,0,0,0,1,0,0,0,1,0,0,0,1,0.0
51,3,0,0,0,0,0,0,1,0,0,1,1,0,0,0,0,0,1,0,0.0
26,0,1,0,0,0,0,1,0,0,1,0,1,0,0,0,0,0,0,1,0.0
41,2,1,0,0,0,1,1,0,0,0,1,0,0,0,1,0,0,0,1,1.0
27,0,1,0,0,0,1,1,0,0,0,1,1,0,0,0,0,0,0,1,1.0
45,0,0,0,0,0,1,0,1,0,0,1,0,0,0,0,0,1,0,1,1.0
27,1,1,1,0,1,1,1,0,0,0,1,1,0,0,0,0,0,1,0,1.0
30,3,1,0,0,0,0,1,0,0,1,0,1,0,0,0,0,0,1,0,1.0
31,1,0,0,0,0,1,1,0,0,0,1,0,0,0,1,0,0,0,1,1.0
26,1,1,0,0,0,1,1,0,0,1,0,0,0,1,0,0,0,0,1,1.0
24,0,63,1,0,1,10,0,0,1,0,1,1,0,0,0,0,0,1,0,1.0
46,9,0,0,0,0,4,0,1,0,0,1,0,0,1,0,0,0,0,1,1.0
24,0,1,0,0,0,2,0,0,1,0,1,0,0,1,0,0,0,1,0,1.0
31,0,1,0,0,0,0,1,0,0,0,1,0,0,0,0,0,1,0,1,0.0
33,3,0,1,0,1,4,1,0,0,1,0,1,0,0,0,0,0,0,1,0.0
32,1,1,0,0,0,0,1,0,0,0,1,0,0,1,0,0,0,0,1,0.0
38,10,0,1,0,1,10,1,0,0,0,1,1,0,0,0,0,0,1,0,1.0
31,15,1,1,0,0,135,1,0,0,0,1,1,0,0,0,0,0,1,0,0.0
29,1,1,0,0,0,290,1,0,0,0,1,1,0,0,0,0,0,1,0,1.0
51,6,0,1,0,1,0,0,1,0,0,1,0,0,1,0,0,0,1,0,1.0
31,0,1,0,0,0,2,1,0,0,1,0,1,0,0,0,0,0,0,1,0.0
27,0,0,0,0,0,1,1,0,0,1,0,0,0,1,0,0,0,0,1,1.0
24,0,1,1,0,1,0,0,0,1,1,0,1,0,0,0,0,0,0,1,0.0
30,3,166,0,0,0,1,1,0,0,0,1,1,0,0,0,0,0,1,0,0.0
23,0,1,0,0,0,3,0,0,1,0,1,1,0,0,0,0,0,1,0,1.0
32,3,1,0,0,0,86,1,0,0,0,1,0,0,1,0,0,0,1,0,1.0
25,1,1,1,0,1,0,1,0,0,1,0,0,0,1,0,0,0,0,1,1.0
25,5,3,1,0,1,0,1,0,0,0,1,0,0,1,0,0,0,0,1,1.0
24,2,0,0,0,0,30,0,0,1,1,0,1,0,0,0,0,0,0,1,0.0
30,0,1,0,0,0,5,1,0,0,0,1,0,0,1,0,0,0,1,0,1.0
41,13,1,1,0,1,0,1,0,0,0,1,1,0,0,0,0,0,1,0,1.0
21,1,1,1,1,1,1,0,0,1,0,1,1,0,0,0,0,0,1,0,1.0
39,2,83,0,0,0,0,1,0,0,0,1,0,0,0,1,0,0,1,0,1.0
24,2,1,1,0,1,0,0,0,1,0,1,1,0,0,0,0,0,0,1,1.0
28,0,1,0,0,0,0,1,0,0,1,0,1,0,0,0,0,0,0,1,1.0
36,1,1,1,0,1,31,1,0,0,0,1,1,0,0,0,0,0,1,0,1.0
22,2,60,0,0,0,59,0,0,1,1,0,1,0,0,0,0,0,1,0,1.0
53,13,1,0,0,0,1,0,1,0,0,1,1,0,0,0,0,0,0,1,1.0
30,0,0,0,0,0,1,1,0,0,0,1,0,0,1,0,0,0,1,0,1.0
35,2,3,0,0,0,1,1,0,0,1,0,0,0,1,0,0,0,0,1,1.0
36,4,123,1,0,1,8,1,0,0,0,1,0,0,1,0,0,0,1,0,1.0
26,0,0,0,0,0,2,1,0,0,0,1,1,0,0,0,0,0,1,0,1.0
29,3,1,1,0,1,1,1,0,0,0,1,0,0,1,0,0,0,1,0,1.0
54,4,1,1,1,1,78,0,1,0,0,1,1,0,0,0,0,0,0,1,1.0
77,1,1,1,1,1,2,0,1,0,0,1,1,0,0,0,0,0,0,1,1.0
46,2,1,1,0,1,0,0,1,0,0,1,0,0,1,0,0,0,1,0,1.0
25,0,0,0,0,0,1,1,0,0,0,1,0,0,0,0,0,1,0,1,1.0
27,0,1,0,0,0,0,1,0,0,0,1,0,0,0,1,0,0,0,1,1.0
55,10,1,1,1,1,4,0,1,0,0,1,1,0,0,0,0,0,0,1,1.0
23,0,1,1,0,1,1,0,0,1,0,1,1,0,0,0,0,0,1,0,1.0
24,1,1,1,0,1,0,0,0,1,0,1,1,0,0,0,0,0,1,0,1.0
29,0,0,1,1,1,1,1,0,0,0,1,0,0,1,0,0,0,0,1,1.0
25,6,24,1,0,1,12,1,0,0,1,0,1,0,0,0,0,0,1,0,0.0
22,0,1,1,0,1,1,0,0,1,0,1,1,0,0,0,0,0,0,1,1.0
29,0,1,0,0,0,0,1,0,0,0,1,1,0,0,0,0,0,0,1,1.0
30,4,163,1,1,1,1,1,0,0,0,1,1,0,0,0,0,0,0,1,1.0
32,2,1,0,0,0,0,1,0,0,0,1,1,0,0,0,0,0,1,0,1.0
36,1,0,0,0,0,95,1,0,0,0,1,0,0,0,1,0,0,1,0,1.0
41,0,1,1,0,1,1,1,0,0,0,1,0,0,1,0,0,0,1,0,1.0
49,7,0,1,0,1,12,0,1,0,0,1,0,0,0,0,0,1,1,0,1.0
63,1,1,0,0,0,0,0,1,0,0,1,0,0,1,0,0,0,0,1,1.0
20,0,1,0,0,0,1,0,0,1,0,1,0,0,1,0,0,0,1,0,1.0
29,0,3,0,0,0,0,1,0,0,1,0,0,0,1,0,0,0,1,0,1.0
22,0,1,1,0,1,0,0,0,1,0,1,0,0,0,1,0,0,1,0,1.0
55,7,0,0,0,0,0,0,1,0,0,1,0,0,1,0,0,0,1,0,1.0
36,13,1,1,0,1,2,1,0,0,0,1,1,0,0,0,0,0,1,0,1.0
27,4,1,0,0,0,33,1,0,0,0,1,1,0,0,0,0,0,1,0,0.0
42,0,0,0,0,0,0,1,0,0,1,0,1,0,0,0,0,0,1,0,1.0
45,8,0,1,0,1,71,0,1,0,0,1,0,0,1,0,0,0,0,1,1.0
44,0,1,0,0,0,2,1,0,0,0,1,1,0,0,0,0,0,1,0,0.0
63,1,219,0,0,0,8,0,1,0,1,0,0,0,0,1,0,0,1,0,1.0
60,0,1,0,0,0,1,0,1,0,0,1,0,0,1,0,0,0,0,1,1.0
23,0,0,1,0,1,0,0,0,1,0,1,0,0,0,1,0,0,1,0,1.0
43,2,0,0,0,0,1,1,0,0,0,1,1,0,0,0,0,0,1,0,1.0
20,0,0,1,1,1,0,0,0,1,0,1,1,0,0,0,0,0,1,0,0.0
24,6,1,1,0,1,26,0,0,1,1,0,1,0,0,0,0,0,1,0,1.0
40,6,1,0,0,0,0,1,0,0,0,1,0,0,1,0,0,0,1,0,1.0
32,0,0,0,0,0,0,1,0,0,0,1,0,0,1,0,0,0,1,0,0.0
21,1,1,0,0,0,2,0,0,1,0,1,1,0,0,0,0,0,1,0,1.0
22,0,1,0,0,0,1,0,0,1,0,1,1,0,0,0,0,0,1,0,1.0
61,1,81,0,0,0,81,0,1,0,0,1,0,0,0,1,0,0,1,0,1.0
24,0,0,0,0,0,2,0,0,1,0,1,0,0,1,0,0,0,1,0,1.0
39,0,1,1,1,1,0,1,0,0,0,1,0,0,0,1,0,0,0,1,1.0
32,1,0,1,0,1,0,1,0,0,0,1,0,0,1,0,0,0,1,0,1.0
50,3,0,0,0,0,1,0,1,0,1,0,1,0,0,0,0,0,1,0,1.0
29,2,1,1,0,1,10,1,0,0,1,0,1,0,0,0,0,0,1,0,1.0
59,0,2,0,0,0,1,0,1,0,0,1,0,0,0,1,0,0,0,1,1.0
26,10,1,1,0,1,1,1,0,0,0,1,0,0,1,0,0,0,1,0,1.0
31,2,1,0,0,0,1,1,0,0,1,0,1,0,0,0,0,0,1,0,1.0
21,0,1,1,0,0,46,0,0,1,0,1,1,0,0,0,0,0,1,0,1.0
39,3,317,1,0,1,1,1,0,0,0,1,0,0,1,0,0,0,0,1,1.0
25,9,1,1,1,1,6,1,0,0,0,1,0,0,1,0,0,0,0,1,1.0
20,1,0,1,0,1,0,0,0,1,0,1,1,0,0,0,0,0,0,1,1.0
22,1,1,1,1,1,4,0,0,1,0,1,1,0,0,0,0,0,0,1,1.0
44,0,1,0,0,0,0,1,0,0,0,1,0,0,1,0,0,0,0,1,1.0
25,7,102,1,0,1,95,1,0,0,1,0,1,0,0,0,0,0,1,0,1.0
39,17,1,1,0,1,35,1,0,0,0,1,0,0,1,0,0,0,1,0,1.0
63,1,26,0,0,0,14,0,1,0,0,1,0,0,0,1,0,0,1,0,0.0
29,3,0,1,0,1,1,1,0,0,0,1,1,0,0,0,0,0,1,0,1.0
38,0,1,0,0,0,1,1,0,0,0,1,0,0,0,1,0,0,1,0,0.0
48,0,0,0,0,0,0,0,1,0,0,1,0,0,1,0,0,0,0,1,1.0
21,0,1,1,0,1,1,0,0,1,0,1,0,0,1,0,0,0,1,0,1.0
25,6,1,1,0,0,6,1,0,0,0,1,1,0,0,0,0,0,1,0,1.0
51,0,1,0,0,0,1,0,1,0,0,1,0,0,1,0,0,0,1,0,1.0
22,2,64,0,0,0,49,0,0,1,0,1,1,0,0,0,0,0,1,0,1.0
27,8,1,1,0,1,1,1,0,0,0,1,1,0,0,0,0,0,1,0,1.0
39,22,1,1,1,1,3,1,0,0,1,0,1,0,0,0,0,0,1,0,1.0
28,2,1,0,0,0,0,1,0,0,0,1,1,0,0,0,0,0,1,0,1.0
34,0,1,1,1,1,2,1,0,0,0,1,1,0,0,0,0,0,1,0,0.0
53,8,1,0,0,0,5,0,1,0,0,1,0,0,1,0,0,0,0,1,1.0
63,1,1,0,0,0,0,0,1,0,0,1,1,0,0,0,0,0,1,0,1.0
33,9,1,1,0,1,49,1,0,0,0,1,0,0,1,0,0,0,1,0,1.0
56,1,2,1,0,1,0,0,1,0,0,1,0,0,1,0,0,0,1,0,1.0
29,0,1,0,0,0,0,1,0,0,0,1,0,0,0,1,0,0,1,0,0.0
65,2,84,0,0,0,4,0,1,0,0,1,0,0,1,0,0,0,0,1,0.0
22,1,3,0,0,0,1,0,0,1,1,0,1,0,0,0,0,0,0,1,1.0
30,0,0,0,0,0,0,1,0,0,0,1,0,0,1,0,0,0,0,1,1.0
42,1,0,1,1,1,6,1,0,0,0,1,1,0,0,0,0,0,0,1,1.0
21,2,12,1,0,0,12,0,0,1,1,0,1,0,0,0,0,0,1,0,0.0
37,4,1,0,0,0,0,1,0,0,0,1,0,0,0,1,0,0,0,1,1.0
62,0,1,0,0,0,3,0,1,0,0,1,0,0,1,0,0,0,1,0,1.0
46,3,33,1,0,1,29,0,1,0,0,1,1,0,0,0,0,0,0,1,0.0
35,1,1,0,0,0,0,1,0,0,1,0,0,0,1,0,0,0,0,1,0.0
43,0,1,1,0,1,1,1,0,0,0,1,1,0,0,0,0,0,1,0,0.0
26,3,1,1,0,1,0,1,0,0,1,0,1,0,0,0,0,0,1,0,1.0
24,7,1,0,0,0,1,0,0,1,1,0,1,0,0,0,0,0,1,0,0.0
29,1,2,0,0,0,0,1,0,0,0,1,0,0,0,1,0,0,0,1,0.0
21,1,0,1,0,1,86,0,0,1,0,1,1,0,0,0,0,0,1,0,1.0
30,3,0,1,0,1,0,1,0,0,0,1,1,0,0,0,0,0,1,0,0.0
22,2,1,1,1,1,54,0,0,1,0,1,1,0,0,0,0,0,0,1,1.0
61,13,64,1,0,1,66,0,1,0,0,1,1,0,0,0,0,0,1,0,1.0
34,4,1,1,0,1,31,1,0,0,0,1,0,0,0,1,0,0,1,0,1.0
26,2,607,0,0,0,37,1,0,0,0,1,1,0,0,0,0,0,1,0,1.0
41,2,1,1,0,1,161,1,0,0,0,1,0,1,0,0,0,0,1,0,0.0
29,3,1,1,0,1,1,1,0,0,0,1,0,0,1,0,0,0,1,0,0.0
44,3,0,0,0,0,0,1,0,0,0,1,0,0,1,0,0,0,1,0,1.0
31,1,14,0,0,0,13,1,0,0,0,1,1,0,0,0,0,0,1,0,0.0
29,0,1,0,0,0,2,1,0,0,0,1,1,0,0,0,0,0,1,0,1.0
27,0,1,1,1,1,1,1,0,0,0,1,0,0,1,0,0,0,1,0,1.0
43,7,21,0,0,0,8,1,0,0,1,0,0,0,1,0,0,0,1,0,1.0
21,2,1,1,0,1,18,0,0,1,0,1,1,0,0,0,0,0,1,0,1.0
24,3,1,1,0,1,1,0,0,1,0,1,1,0,0,0,0,0,1,0,1.0
22,0,1,0,0,0,1,0,0,1,0,1,1,0,0,0,0,0,1,0,1.0
36,9,0,1,0,1,3,1,0,0,0,1,1,0,0,0,0,0,1,0,1.0
36,0,0,0,0,0,1,1,0,0,1,0,0,0,1,0,0,0,1,0,1.0
28,5,1,0,0,0,27,1,0,0,0,1,1,0,0,0,0,0,0,1,1.0
28,0,1,0,0,0,0,1,0,0,0,1,1,0,0,0,0,0,1,0,1.0
32,4,1,1,0,1,1,1,0,0,0,1,1,0,0,0,0,0,1,0,1.0
37,3,0,0,0,0,1,1,0,0,0,1,1,0,0,0,0,0,1,0,1.0
50,0,0,0,0,0,0,0,1,0,0,1,1,0,0,0,0,0,0,1,0.0
34,13,1,1,0,1,1,1,0,0,0,1,1,0,0,0,0,0,1,0,0.0
37,8,1,0,0,0,1,1,0,0,0,1,1,0,0,0,0,0,0,1,1.0
54,1,95,0,0,0,76,0,1,0,1,0,0,0,1,0,0,0,1,0,1.0
36,4,110,1,0,1,168,1,0,0,1,0,0,0,1,0,0,0,1,0,0.0
27,7,1,1,0,1,2,1,0,0,0,1,0,0,1,0,0,0,0,1,1.0
19,1,12,1,1,0,4,0,0,1,0,1,0,0,0,1,0,0,1,0,0.0
21,0,1,1,0,0,1,0,0,1,0,1,1,0,0,0,0,0,0,1,1.0
29,1,1,0,0,0,11,1,0,0,0,1,0,0,1,0,0,0,0,1,1.0
47,0,1,0,0,0,0,0,1,0,0,1,0,0,1,0,0,0,0,1,0.0
31,8,31,0,0,0,28,1,0,0,0,1,0,0,1,0,0,0,0,1,1.0
53,18,1,1,0,1,41,0,1,0,0,1,1,0,0,0,0,0,0,1,0.0
21,0,1,1,0,1,0,0,0,1,0,1,1,0,0,0,0,0,0,1,1.0
21,1,0,1,0,1,0,0,0,1,0,1,1,0,0,0,0,0,1,0,1.0
20,0,0,1,0,1,7,0,0,1,0,1,1,0,0,0,0,0,1,0,0.0
37,1,1,0,0,0,5,1,0,0,0,1,0,0,0,0,0,1,1,0,1.0
30,4,1,1,1,1,1,1,0,0,0,1,1,0,0,0,0,0,0,1,1.0
25,1,0,1,0,1,0,1,0,0,0,1,0,0,1,0,0,0,0,1,0.0
27,8,1,1,1,1,49,1,0,0,0,1,1,0,0,0,0,0,1,0,1.0
33,0,1,0,0,0,6,1,0,0,0,1,0,0,1,0,0,0,1,0,1.0
20,0,0,0,0,0,0,0,0,1,1,0,1,0,0,0,0,0,1,0,0.0
42,10,1,1,1,1,0,1,0,0,0,1,1,0,0,0,0,0,0,1,0.0
33,3,94,0,0,0,3,1,0,0,0,1,0,0,0,0,0,1,1,0,1.0
63,5,1,0,0,0,4,0,1,0,0,1,0,0,1,0,0,0,0,1,0.0
24,11,32,1,0,1,32,0,0,1,0,1,1,0,0,0,0,0,1,0,0.0
24,0,1,0,0,0,0,0,0,1,0,1,0,0,1,0,0,0,0,1,0.0
23,1,1,0,0,0,0,0,0,1,1,0,1,0,0,0,0,0,1,0,1.0
34,1,0,0,0,0,23,1,0,0,0,1,1,0,0,0,0,0,1,0,1.0
21,0,1,0,0,0,2,0,0,1,0,1,1,0,0,0,0,0,1,0,1.0
55,11,1,0,0,0,57,0,1,0,0,1,0,0,1,0,0,0,0,1,1.0
26,2,1,1,0,1,2,1,0,0,0,1,1,0,0,0,0,0,1,0,1.0
31,3,1,0,0,0,0,1,0,0,0,1,0,0,0,1,0,0,1,0,1.0
40,0,2,0,0,0,1,1,0,0,0,1,0,0,0,1,0,0,0,1,0.0
20,1,1,1,0,1,1,0,0,1,0,1,1,0,0,0,0,0,1,0,1.0
22,3,41,1,0,1,0,0,0,1,0,1,1,0,0,0,0,0,1,0,1.0
31,5,0,1,0,1,0,1,0,0,0,1,0,0,1,0,0,0,1,0,1.0
22,0,1,1,0,1,1,0,0,1,0,1,1,0,0,0,0,0,1,0,1.0
30,0,0,0,0,0,1,1,0,0,1,0,1,0,0,0,0,0,1,0,1.0
30,7,1,0,0,0,37,1,0,0,0,1,0,0,0,1,0,0,0,1,0.0
21,0,1,1,1,1,9,0,0,1,0,1,0,0,1,0,0,0,0,1,0.0
49,3,1,1,0,1,0,0,1,0,0,1,1,0,0,0,0,0,1,0,0.0
60,18,26,1,0,1,3,0,1,0,0,1,0,0,1,0,0,0,0,1,1.0
50,5,1,1,1,1,3,0,1,0,0,1,0,0,0,1,0,0,1,0,0.0
70,0,1,0,0,0,0,0,1,0,1,0,0,0,0,0,0,1,1,0,1.0
43,2,10,0,0,0,1,1,0,0,0,1,0,0,1,0,0,0,1,0,1.0
26,7,19,0,0,0,19,1,0,0,0,1,1,0,0,0,0,0,1,0,0.0
46,2,0,1,0,1,64,0,1,0,0,1,1,0,0,0,0,0,1,0,1.0
33,2,0,1,0,1,1,1,0,0,0,1,1,0,0,0,0,0,0,1,1.0
26,0,1,0,0,0,0,1,0,0,0,1,0,0,1,0,0,0,0,1,1.0
67,2,80,0,0,0,46,0,1,0,0,1,0,0,1,0,0,0,1,0,0.0
35,1,1,0,0,0,0,1,0,0,0,1,1,0,0,0,0,0,0,1,0.0
34,7,0,1,0,1,1,1,0,0,0,1,1,0,0,0,0,0,1,0,1.0
36,0,1,0,0,0,0,1,0,0,0,1,1,0,0,0,0,0,1,0,1.0
23,3,169,1,0,1,0,0,0,1,1,0,1,0,0,0,0,0,0,1,0.0
21,0,0,0,0,0,0,0,0,1,0,1,0,0,1,0,0,0,1,0,1.0
26,1,23,0,0,0,0,1,0,0,1,0,1,0,0,0,0,0,0,1,0.0
24,4,1,1,0,1,5,0,0,1,1,0,1,0,0,0,0,0,1,0,1.0
54,0,1,0,0,0,1,0,1,0,0,1,1,0,0,0,0,0,0,1,0.0
21,0,1,0,0,0,2,0,0,1,1,0,0,0,1,0,0,0,1,0,0.0
27,7,1,1,0,1,4,1,0,0,0,1,1,0,0,0,0,0,1,0,1.0
21,0,0,1,0,1,0,0,0,1,0,1,0,0,1,0,0,0,1,0,0.0
51,1,1,1,0,1,1,0,1,0,0,1,0,1,0,0,0,0,1,0,1.0
25,4,1,1,1,1,9,1,0,0,0,1,1,0,0,0,0,0,0,1,1.0
29,0,1,0,0,0,47,1,0,0,1,0,0,0,0,0,0,1,1,0,1.0
31,2,1,1,0,1,3,1,0,0,0,1,1,0,0,0,0,0,1,0,1.0
40,0,1,0,0,0,1,1,0,0,1,0,0,0,0,0,0,1,1,0,0.0
33,3,1,0,0,0,1,1,0,0,0,1,0,0,1,0,0,0,1,0,1.0
28,1,1,0,0,0,0,1,0,0,0,1,1,0,0,0,0,0,1,0,1.0
32,7,1,0,0,0,0,1,0,0,0,1,1,0,0,0,0,0,1,0,1.0
43,2,1,0,0,0,0,1,0,0,0,1,0,0,0,0,0,1,0,1,1.0
46,5,93,0,0,0,0,0,1,0,0,1,0,0,1,0,0,0,0,1,0.0
47,28,1,1,0,1,117,0,1,0,1,0,0,0,1,0,0,0,1,0,1.0
30,2,83,0,0,0,83,1,0,0,0,1,1,0,0,0,0,0,1,0,0.0
34,2,1,0,0,0,1,1,0,0,0,1,0,0,1,0,0,0,0,1,1.0
52,3,1,0,0,0,0,0,1,0,0,1,1,0,0,0,0,0,1,0,0.0
52,3,1,0,0,0,0,0,1,0,1,0,1,0,0,0,0,0,0,1,0.0
23,0,1,0,0,0,0,0,0,1,0,1,0,0,1,0,0,0,1,0,1.0
52,7,23,0,0,0,0,0,1,0,0,1,0,0,1,0,0,0,1,0,0.0
26,2,29,0,0,0,28,1,0,0,0,1,1,0,0,0,0,0,0,1,0.0
23,2,2,1,0,1,1,0,0,1,1,0,0,0,0,1,0,0,1,0,1.0
57,6,370,1,0,1,76,0,1,0,0,1,1,0,0,0,0,0,0,1,1.0
34,0,0,1,0,1,1,1,0,0,0,1,0,0,1,0,0,0,0,1,
28,0,1,1,0,1,0,1,0,0,1,0,0,0,0,0,0,1,0,1,
44,7,0,0,0,0,1,1,0,0,0,1,1,0,0,0,0,0,1,0,
23,1,39,0,0,0,0,0,0,1,0,1,1,0,0,0,0,0,1,0,
38,2,1,0,0,0,1,1,0,0,0,1,0,0,1,0,0,0,0,1,
22,0,1,1,1,1,6,0,0,1,0,1,0,0,1,0,0,0,1,0,
29,0,1,1,1,1,1,1,0,0,0,1,0,0,1,0,0,0,1,0,
26,1,123,1,0,1,1,1,0,0,0,1,1,0,0,0,0,0,1,0,
57,0,1,1,1,0,0,0,1,0,0,1,0,0,0,0,0,1,1,0,
33,0,1,0,0,0,1,1,0,0,0,1,0,0,1,0,0,0,1,0,
28,7,1,1,0,1,1,1,0,0,1,0,0,0,1,0,0,0,1,0,
24,1,0,0,0,0,0,0,0,1,0,1,0,0,1,0,0,0,1,0,
55,0,1,1,0,0,0,0,1,0,0,1,0,0,1,0,0,0,1,0,
31,8,1,1,0,1,0,1,0,0,0,1,1,0,0,0,0,0,0,1,
28,16,1,1,0,1,29,1,0,0,0,1,0,0,0,1,0,0,1,0,
56,7,167,0,0,0,49,0,1,0,0,1,1,0,0,0,0,0,1,0,
23,2,1,1,1,1,15,0,0,1,0,1,0,0,1,0,0,0,1,0,
23,3,0,1,0,1,0,0,0,1,0,1,1,0,0,0,0,0,1,0,
34,16,1,1,0,1,1,1,0,0,0,1,0,0,1,0,0,0,1,0,
44,0,0,0,0,0,11,1,0,0,0,1,0,0,1,0,0,0,1,0,
29,0,0,0,0,0,0,1,0,0,1,0,0,0,1,0,0,0,0,1,
25,1,1,0,0,0,266,1,0,0,0,1,0,0,0,0,0,1,1,0,
23,3,1,1,0,1,0,0,0,1,0,1,1,0,0,0,0,0,0,1,
44,6,0,0,0,0,1,1,0,0,0,1,0,0,1,0,0,0,1,0,
57,14,28,1,0,1,19,0,1,0,0,1,0,0,1,0,0,0,1,0,
31,0,5,0,0,0,1,1,0,0,0,1,0,0,0,1,0,0,1,0,
24,3,1,1,0,1,17,0,0,1,0,1,0,0,1,0,0,0,1,0,
25,1,1,1,0,1,0,1,0,0,0,1,1,0,0,0,0,0,1,0,
22,2,22,0,0,0,0,0,0,1,1,0,0,0,1,0,0,0,0,1,
29,2,1,1,0,1,0,1,0,0,0,1,0,0,1,0,0,0,1,0,
49,0,3,0,0,0,0,0,1,0,0,1,0,0,0,1,0,0,1,0,
29,11,68,1,0,1,65,1,0,0,0,1,1,0,0,0,0,0,1,0,
58,3,1,0,0,0,2,0,1,0,0,1,0,0,1,0,0,0,1,0,
26,0,1,1,0,1,0,1,0,0,0,1,1,0,0,0,0,0,0,1,
51,3,86,0,0,0,2,0,1,0,0,1,0,0,0,1,0,0,0,1,
27,5,28,1,1,1,28,1,0,0,0,1,1,0,0,0,0,0,1,0,
33,3,2,1,1,1,1,1,0,0,1,0,0,0,1,0,0,0,1,0,
25,1,1,0,0,0,0,1,0,0,0,1,1,0,0,0,0,0,1,0,
44,7,1,1,0,0,24,1,0,0,0,1,1,0,0,0,0,0,1,0,
29,10,1,1,0,1,23,1,0,0,0,1,1,0,0,0,0,0,1,0,
62,3,1,0,0,0,0,0,1,0,0,1,0,0,1,0,0,0,0,1,
40,7,33,0,0,0,1,1,0,0,1,0,1,0,0,0,0,0,0,1,
32,8,2,1,0,0,2,1,0,0,0,1,0,0,1,0,0,0,1,0,
48,0,1,0,0,0,1,0,1,0,0,1,0,0,0,1,0,0,0,1,
25,0,1,1,0,1,1,1,0,0,0,1,1,0,0,0,0,0,1,0,
47,0,2,0,0,0,0,0,1,0,1,0,1,0,0,0,0,0,0,1,
27,6,1,1,0,1,10,1,0,0,0,1,1,0,0,0,0,0,1,0,
41,0,0,0,0,0,0,1,0,0,0,1,1,0,0,0,0,0,0,1,
36,5,20,1,0,1,19,1,0,0,0,1,1,0,0,0,0,0,0,1,
30,5,0,1,0,1,7,1,0,0,1,0,0,0,1,0,0,0,1,0,
20,0,1,0,0,0,0,0,0,1,1,0,0,0,1,0,0,0,1,0,
32,5,0,1,0,1,55,1,0,0,0,1,0,0,1,0,0,0,1,0,
30,2,37,1,0,1,36,1,0,0,0,1,0,0,1,0,0,0,0,1,
25,4,107,1,0,1,36,1,0,0,1,0,0,0,0,1,0,0,1,0,
54,0,1,0,0,0,2,0,1,0,0,1,0,0,1,0,0,0,1,0,
26,0,1,0,0,0,2,1,0,0,0,1,1,0,0,0,0,0,1,0,
29,0,0,0,0,0,1,1,0,0,0,1,0,0,1,0,0,0,0,1,
41,6,65,0,0,0,0,1,0,0,1,0,1,0,0,0,0,0,0,1,
77,3,1,0,0,0,0,0,1,0,0,1,0,0,1,0,0,0,1,0,
45,20,0,1,0,1,2,0,1,0,0,1,0,0,0,1,0,0,1,0,
29,29,1,1,0,1,5,1,0,0,0,1,1,0,0,0,0,0,1,0,
31,2,1,0,0,0,0,1,0,0,0,1,1,0,0,0,0,0,0,1,
32,0,0,0,0,0,1,1,0,0,0,1,1,0,0,0,0,0,1,0,
22,1,1,1,0,1,1,0,0,1,0,1,1,0,0,0,0,0,1,0,
20,2,0,1,0,1,58,0,0,1,0,1,1,0,0,0,0,0,1,0,
21,1,1,0,0,0,1,0,0,1,1,0,0,0,1,0,0,0,1,0,
24,0,0,0,0,0,1,0,0,1,0,1,1,0,0,0,0,0,1,0,
23,1,0,0,0,0,0,0,0,1,0,1,1,0,0,0,0,0,1,0,
39,2,1,1,0,1,1,1,0,0,0,1,1,0,0,0,0,0,0,1,
31,1,1,1,0,1,10,1,0,0,1,0,0,0,1,0,0,0,0,1,
22,0,1,1,0,1,0,0,0,1,0,1,1,0,0,0,0,0,1,0,
54,0,1,0,0,0,27,0,1,0,0,1,0,0,0,0,0,1,1,0,
37,0,0,0,0,0,0,1,0,0,1,0,0,0,1,0,0,0,0,1,
31,4,1,1,0,1,1,1,0,0,0,1,1,0,0,0,0,0,0,1,
45,2,0,0,0,0,0,0,1,0,0,1,0,0,1,0,0,0,0,1,
22,1,1,1,0,1,6,0,0,1,0,1,1,0,0,0,0,0,1,0,
38,4,1,1,0,0,0,1,0,0,0,1,1,0,0,0,0,0,0,1,
32,4,1,1,0,1,1,1,0,0,0,1,1,0,0,0,0,0,0,1,
28,11,1,1,0,1,1,1,0,0,0,1,1,0,0,0,0,0,1,0,
22,1,235,1,0,1,58,0,0,1,0,1,1,0,0,0,0,0,1,0,
31,0,0,1,0,1,0,1,0,0,1,0,1,0,0,0,0,0,1,0,
44,13,0,1,0,1,16,1,0,0,0,1,0,0,1,0,0,0,1,0,
59,22,1,1,0,1,69,0,1,0,0,1,1,0,0,0,0,0,1,0,
26,7,0,1,0,1,0,1,0,0,0,1,0,0,1,0,0,0,1,0,
48,2,1,0,0,0,0,0,1,0,0,1,0,0,1,0,0,0,0,1,
53,0,1,0,0,0,0,0,1,0,1,0,0,0,1,0,0,0,0,1,
23,0,1,1,0,1,0,0,0,1,0,1,0,0,0,1,0,0,1,0,
23,0,1,0,0,0,0,0,0,1,0,1,0,0,0,0,0,1,0,1,
46,0,1,0,0,0,1,0,1,0,0,1,1,0,0,0,0,0,1,0,
24,3,1,1,1,1,1,0,0,1,0,1,0,0,1,0,0,0,0,1,
35,2,0,1,0,0,0,1,0,0,0,1,0,0,1,0,0,0,0,1,
30,7,1,1,0,1,602,1,0,0,0,1,1,0,0,0,0,0,1,0,
24,1,1,1,1,1,0,0,0,1,0,1,1,0,0,0,0,0,1,0,
31,0,1,0,0,0,2,1,0,0,0,1,1,0,0,0,0,0,1,0,
56,3,27,1,0,1,1,0,1,0,0,1,1,0,0,0,0,0,0,1,
40,0,0,0,0,0,0,1,0,0,1,0,0,0,1,0,0,0,0,1,
22,2,1,0,0,0,0,0,0,1,0,1,1,0,0,0,0,0,1,0,
33,3,1,1,0,1,1,1,0,0,0,1,1,0,0,0,0,0,0,1,
32,6,1,1,0,1,2,1,0,0,0,1,1,0,0,0,0,0,0,1,
52,21,123,1,0,1,19,0,1,0,1,0,1,0,0,0,0,0,1,0,
23,1,1,1,0,1,3,0,0,1,0,1,1,0,0,0,0,0,1,0,
68,1,37,0,0,0,26,0,1,0,0,1,1,0,0,0,0,0,1,0,
29,7,1,1,0,1,1,1,0,0,0,1,1,0,0,0,0,0,1,0,
50,18,171,1,0,1,32,0,1,0,0,1,0,0,1,0,0,0,0,1,
27,1,1,0,0,0,0,1,0,0,0,1,0,0,1,0,0,0,0,1,
57,3,2,0,0,0,1,0,1,0,0,1,0,0,0,1,0,0,1,0,
31,7,1,1,0,1,1,1,0,0,0,1,0,0,0,1,0,0,0,1,
21,0,1,1,0,1,2,0,0,1,0,1,0,0,0,0,0,1,1,0,
24,0,1,0,0,0,0,0,0,1,1,0,0,0,1,0,0,0,1,0,
31,1,1,0,0,0,1,1,0,0,0,1,1,0,0,0,0,0,1,0,
31,11,0,1,1,1,1,1,0,0,0,1,1,0,0,0,0,0,1,0,
59,0,1,0,0,0,1,0,1,0,0,1,0,0,1,0,0,0,1,0,
36,13,1,1,0,1,33,1,0,0,1,0,1,0,0,0,0,0,1,0,
24,0,0,0,0,0,0,0,0,1,1,0,0,0,0,0,0,1,1,0,
56,1,1,0,0,0,169,0,1,0,1,0,0,0,1,0,0,0,1,0,
55,0,1,0,0,0,0,0,1,0,1,0,0,0,0,1,0,0,0,1,
43,0,1,0,0,0,0,1,0,0,0,1,0,0,1,0,0,0,0,1,
62,2,42,1,0,1,41,0,1,0,1,0,0,0,1,0,0,0,1,0,
51,0,1,0,0,0,1,0,1,0,0,1,0,0,0,1,0,0,0,1,
34,2,1,0,0,0,1,1,0,0,0,1,1,0,0,0,0,0,1,0,
49,3,1,1,0,1,0,0,1,0,0,1,1,0,0,0,0,0,1,0,
26,2,1,1,1,1,0,1,0,0,0,1,0,0,1,0,0,0,1,0,
30,1,1,0,0,0,0,1,0,0,0,1,1,0,0,0,0,0,1,0,
22,0,0,1,0,1,0,0,0,1,0,1,1,0,0,0,0,0,1,0,
29,0,1,1,1,1,1,1,0,0,1,0,0,0,0,1,0,0,1,0,
36,26,1,1,0,1,117,1,0,0,0,1,0,0,0,1,0,0,1,0,
32,1,47,0,0,0,0,1,0,0,0,1,0,0,0,1,0,0,1,0,
23,3,0,1,0,1,4,0,0,1,0,1,1,0,0,0,0,0,0,1,
52,0,1,0,0,0,0,0,1,0,1,0,0,0,1,0,0,0,0,1,
37,0,2,0,0,0,0,1,0,0,0,1,0,0,1,0,0,0,0,1,
28,1,1,1,1,1,1,1,0,0,0,1,0,0,0,0,0,1,1,0,
31,1,1,0,0,0,1,1,0,0,0,1,1,0,0,0,0,0,0,1,
34,5,1,1,0,1,3,1,0,0,0,1,1,0,0,0,0,0,0,1,
21,1,1,1,0,1,1,0,0,1,0,1,1,0,0,0,0,0,1,0,
64,8,4,1,1,1,0,0,1,0,0,1,1,0,0,0,0,0,0,1,
54,9,0,0,0,0,1,0,1,0,0,1,1,0,0,0,0,0,0,1,
27,5,1,1,0,1,6,1,0,0,0,1,0,0,1,0,0,0,1,0,
61,12,1,0,0,0,241,0,1,0,0,1,1,0,0,0,0,0,1,0,
24,0,1,0,0,0,1,0,0,1,0,1,1,0,0,0,0,0,0,1,
24,0,3,0,0,0,0,0,0,1,1,0,0,0,1,0,0,0,1,0,
25,9,1,1,0,1,84,1,0,0,0,1,1,0,0,0,0,0,1,0,
38,15,0,0,0,0,55,1,0,0,0,1,1,0,0,0,0,0,1,0,
43,2,1,0,0,0,0,1,0,0,0,1,0,0,0,0,0,1,1,0,
41,1,1,0,0,0,1,1,0,0,0,1,0,0,1,0,0,0,1,0,
38,0,1,1,1,1,2,1,0,0,0,1,0,0,1,0,0,0,0,1,
40,3,0,0,0,0,40,1,0,0,0,1,0,0,1,0,0,0,0,1,
24,4,1,0,0,0,4,0,0,1,0,1,1,0,0,0,0,0,1,0,
41,0,0,0,0,0,0,1,0,0,1,0,0,0,0,1,0,0,1,0,
22,0,1,0,0,0,1,0,0,1,1,0,0,0,1,0,0,0,0,1,
62,0,1,0,0,0,1,0,1,0,0,1,0,0,0,0,0,1,0,1,
51,12,1,1,1,1,0,0,1,0,0,1,1,0,0,0,0,0,1,0,
28,1,1,0,0,0,0,1,0,0,0,1,1,0,0,0,0,0,1,0,
26,5,1,1,0,1,0,1,0,0,0,1,1,0,0,0,0,0,1,0,
22,0,1,1,0,1,1,0,0,1,1,0,1,0,0,0,0,0,1,0,
21,3,1,1,0,1,1,0,0,1,0,1,0,0,1,0,0,0,1,0,
25,5,1,1,0,1,47,1,0,0,1,0,1,0,0,0,0,0,0,1,
56,5,1,0,0,0,12,0,1,0,0,1,1,0,0,0,0,0,1,0,
20,1,1,0,0,0,1,0,0,1,1,0,0,0,0,0,0,1,0,1,
30,1,1040,1,0,0,17,1,0,0,0,1,1,0,0,0,0,0,1,0,
26,2,38,1,1,1,27,1,0,0,0,1,0,0,1,0,0,0,1,0,
47,1,27,0,0,0,17,0,1,0,0,1,0,0,0,1,0,0,1,0,
18,4,7,1,1,1,23,0,0,1,0,1,1,0,0,0,0,0,1,0,
60,10,1,0,0,0,0,0,1,0,0,1,1,0,0,0,0,0,1,0,
29,12,1,1,1,1,5,1,0,0,0,1,1,0,0,0,0,0,1,0,
33,2,1,1,0,1,2,1,0,0,1,0,1,0,0,0,0,0,1,0,
35,1,1,0,0,0,0,1,0,0,0,1,1,0,0,0,0,0,1,0,
39,1,1,1,0,1,0,1,0,0,0,1,1,0,0,0,0,0,1,0,
39,2,113,1,1,1,104,1,0,0,0,1,0,0,0,1,0,0,1,0,
23,0,1,0,0,0,1,0,0,1,0,1,1,0,0,0,0,0,0,1,
25,1,1,1,0,1,68,1,0,0,0,1,0,0,0,0,0,1,1,0,
37,0,1,0,0,0,0,1,0,0,0,1,1,0,0,0,0,0,0,1,
40,7,19,1,0,1,6,1,0,0,1,0,0,0,0,1,0,0,1,0,
45,1,0,0,0,0,1,0,1,0,1,0,0,0,1,0,0,0,1,0,
52,20,1,0,0,0,27,0,1,0,0,1,0,0,0,1,0,0,1,0,
74,0,1,0,0,0,0,0,1,0,1,0,0,0,1,0,0,0,0,1,
60,0,1,0,0,0,0,0,1,0,0,1,0,0,0,1,0,0,1,0,
38,5,11,1,0,1,3,1,0,0,0,1,0,0,1,0,0,0,1,0,
39,5,49,1,0,1,26,1,0,0,0,1,1,0,0,0,0,0,1,0,
56,3,28,0,0,0,14,0,1,0,0,1,1,0,0,0,0,0,0,1,
24,6,1,0,0,0,1,0,0,1,0,1,0,0,1,0,0,0,1,0,
26,8,0,1,0,1,1,1,0,0,0,1,1,0,0,0,0,0,1,0,
25,3,24,1,0,1,19,1,0,0,0,1,0,0,1,0,0,0,1,0,
43,1,3,0,0,0,0,1,0,0,0,1,0,0,0,0,0,1,1,0,
32,6,0,0,0,0,0,1,0,0,0,1,0,0,1,0,0,0,0,1,
20,1,5,1,1,1,5,0,0,1,0,1,0,0,0,0,1,0,1,0,
34,4,1,0,0,0,0,1,0,0,1,0,0,0,1,0,0,0,0,1,
24,7,1,1,0,1,68,0,0,1,0,1,1,0,0,0,0,0,1,0,
51,1,1,0,0,0,0,0,1,0,1,0,1,0,0,0,0,0,0,1,
21,0,1,1,0,1,3,0,0,1,0,1,0,0,1,0,0,0,0,1,
21,0,1,1,0,1,1,0,0,1,1,0,0,0,1,0,0,0,0,1,
48,0,0,0,0,0,2,0,1,0,0,1,1,0,0,0,0,0,1,0,
44,3,1,0,0,0,2,1,0,0,0,1,1,0,0,0,0,0,0,1,
52,15,0,1,0,1,0,0,1,0,0,1,1,0,0,0,0,0,0,1,
29,5,0,1,0,1,1,1,0,0,0,1,1,0,0,0,0,0,1,0,
31,0,1,0,0,0,3,1,0,0,0,1,1,0,0,0,0,0,0,1,
30,2,1,0,0,0,1,1,0,0,0,1,0,0,0,0,0,1,1,0,
34,4,0,0,0,0,0,1,0,0,0,1,1,0,0,0,0,0,0,1,
26,0,1,0,0,0,1,1,0,0,0,1,0,0,1,0,0,0,1,0,
30,0,0,0,0,0,56,1,0,0,0,1,0,0,1,0,0,0,0,1,
24,1,36,0,0,0,36,0,0,1,0,1,0,0,1,0,0,0,0,1,
21,0,1,1,1,1,6,0,0,1,0,1,1,0,0,0,0,0,1,0,
26,2,0,0,0,0,1,1,0,0,0,1,0,0,1,0,0,0,1,0,
24,5,0,0,0,0,1,0,0,1,0,1,1,0,0,0,0,0,1,0,
53,4,4,0,0,0,1,0,1,0,0,1,1,0,0,0,0,0,1,0,
23,4,1,0,0,0,31,0,0,1,0,1,1,0,0,0,0,0,1,0,
21,2,1,1,0,1,35,0,0,1,0,1,1,0,0,0,0,0,0,1,
28,0,0,1,1,1,2,1,0,0,0,1,0,0,1,0,0,0,0,1,
44,0,1,0,0,0,2,1,0,0,0,1,1,0,0,0,0,0,1,0,
37,5,1,0,0,0,1,1,0,0,0,1,0,0,0,1,0,0,1,0,
53,6,176,0,0,0,174,0,1,0,0,1,0,0,1,0,0,0,1,0,
54,4,1,1,0,1,3,0,1,0,0,1,1,0,0,0,0,0,1,0,
24,0,0,0,0,0,1,0,0,1,0,1,1,0,0,0,0,0,1,0,
28,2,1,0,0,0,6,1,0,0,0,1,1,0,0,0,0,0,0,1,
35,0,0,0,0,0,0,1,0,0,1,0,0,0,0,1,0,0,0,1,
57,2,1,0,0,0,0,0,1,0,0,1,1,0,0,0,0,0,1,0,
24,2,2,0,0,0,0,0,0,1,1,0,0,0,1,0,0,0,1,0,
69,6,1,1,0,1,1,0,1,0,0,1,0,0,1,0,0,0,1,0,
34,5,1,0,0,0,1,1,0,0,0,1,0,0,1,0,0,0,1,0,
45,1,0,1,0,1,27,0,1,0,0,1,0,0,1,0,0,0,1,0,
32,3,1,1,0,1,0,1,0,0,0,1,1,0,0,0,0,0,1,0,
38,10,1,0,0,0,0,1,0,0,0,1,1,0,0,0,0,0,0,1,
31,0,1,0,0,0,38,1,0,0,0,1,0,0,1,0,0,0,0,1,
26,3,1,1,0,1,0,1,0,0,0,1,0,0,1,0,0,0,0,1,
29,4,26,0,0,0,0,1,0,0,0,1,1,0,0,0,0,0,0,1,
20,1,427,1,0,1,217,0,0,1,0,1,1,0,0,0,0,0,1,0,
36,4,1,1,0,1,0,1,0,0,1,0,1,0,0,0,0,0,1,0,
62,0,1,0,0,0,3,0,1,0,1,0,0,0,1,0,0,0,0,1,
22,0,1,0,0,0,0,0,0,1,0,1,0,0,1,0,0,0,0,1,
29,0,1,0,0,0,0,1,0,0,0,1,1,0,0,0,0,0,1,0,
28,4,747,1,0,0,52,1,0,0,0,1,1,0,0,0,0,0,1,0,
23,3,1,0,0,0,9,0,0,1,0,1,0,0,1,0,0,0,1,0,
41,4,3,1,0,1,0,1,0,0,0,1,0,0,1,0,0,0,1,0,
41,7,2,1,0,0,1,1,0,0,0,1,1,0,0,0,0,0,0,1,
50,12,22,1,0,1,1,0,1,0,0,1,1,0,0,0,0,0,1,0,
25,9,17,0,0,0,12,1,0,0,0,1,1,0,0,0,0,0,1,0,
23,1,0,0,0,0,2,0,0,1,0,1,1,0,0,0,0,0,1,0,
41,4,0,1,0,1,1,1,0,0,0,1,1,0,0,0,0,0,0,1,
32,2,0,1,1,1,19,1,0,0,0,1,1,0,0,0,0,0,1,0,
41,14,41,1,0,1,5,1,0,0,0,1,1,0,0,0,0,0,0,1,
23,0,1,0,0,0,0,0,0,1,1,0,0,0,1,0,0,0,0,1,
31,3,1,1,0,1,0,1,0,0,0,1,0,0,1,0,0,0,0,1,
40,0,0,0,0,0,0,1,0,0,0,1,0,0,0,1,0,0,0,1,
26,0,1,1,0,1,1,1,0,0,0,1,0,0,1,0,0,0,0,1,
43,2,1,0,0,0,1,1,0,0,0,1,0,0,0,0,0,1,0,1,
48,0,0,0,0,0,1,0,1,0,0,1,1,0,0,0,0,0,0,1,
47,2,0,1,0,1,2,0,1,0,0,1,0,0,1,0,0,0,1,0,
33,1,1,0,0,0,0,1,0,0,0,1,0,0,1,0,0,0,1,0,
37,2,1,0,0,0,0,1,0,0,0,1,1,0,0,0,0,0,0,1,
28,3,1,1,0,1,8,1,0,0,0,1,1,0,0,0,0,0,0,1,
32,1,80,1,0,1,2,1,0,0,1,0,0,0,0,1,0,0,1,0,
28,0,1,0,0,0,0,1,0,0,1,0,1,0,0,0,0,0,1,0,
40,0,1,1,1,1,0,1,0,0,0,1,0,0,1,0,0,0,0,1,
53,3,1,1,1,1,5,0,1,0,0,1,1,0,0,0,0,0,1,0,
51,3,1,0,0,0,3,0,1,0,0,1,1,0,0,0,0,0,1,0,
24,1,13,0,0,0,0,0,0,1,0,1,1,0,0,0,0,0,0,1,
31,7,1,1,0,1,1,1,0,0,1,0,1,0,0,0,0,0,1,0,
28,4,0,0,0,0,0,1,0,0,1,0,1,0,0,0,0,0,1,0,
30,14,1,1,0,1,64,1,0,0,0,1,1,0,0,0,0,0,1,0,
29,5,1,0,0,0,0,1,0,0,0,1,1,0,0,0,0,0,1,0,
21,0,0,0,0,0,7,0,0,1,0,1,0,0,0,1,0,0,1,0,
27,1,1,0,0,0,2,1,0,0,0,1,1,0,0,0,0,0,0,1,
29,0,3,0,0,0,0,1,0,0,1,0,1,0,0,0,0,0,1,0,
27,5,1,1,0,1,6,1,0,0,0,1,1,0,0,0,0,0,0,1,
51,11,1,1,0,1,79,0,1,0,0,1,1,0,0,0,0,0,0,1,
24,0,1,1,0,1,0,0,0,1,0,1,0,0,1,0,0,0,0,1,
29,0,1,0,0,0,1,1,0,0,0,1,0,0,0,0,0,1,1,0,
41,1,1,0,0,0,1,1,0,0,0,1,1,0,0,0,0,0,0,1,
30,10,0,1,1,1,1,1,0,0,0,1,1,0,0,0,0,0,0,1,
28,0,1,0,0,0,0,1,0,0,1,0,0,0,1,0,0,0,1,0,
46,15,1,0,0,0,0,0,1,0,0,1,0,0,0,1,0,0,1,0,
36,0,1,0,0,0,0,1,0,0,1,0,0,0,1,0,0,0,0,1,
37,7,30,1,0,1,6,1,0,0,1,0,0,0,1,0,0,0,1,0,
46,2,1,0,0,0,1,0,1,0,0,1,1,0,0,0,0,0,0,1,
26,5,1,1,0,1,33,1,0,0,1,0,1,0,0,0,0,0,1,0,
20,1,1,1,0,1,0,0,0,1,0,1,1,0,0,0,0,0,0,1,
41,3,1,1,0,1,1,1,0,0,0,1,1,0,0,0,0,0,1,0,
54,0,0,0,0,0,0,0,1,0,1,0,0,0,1,0,0,0,0,1,
21,0,1,0,0,0,0,0,0,1,1,0,0,0,1,0,0,0,1,0,
36,4,1,1,1,1,1,1,0,0,1,0,1,0,0,0,0,0,0,1,
23,0,1,0,0,0,1,0,0,1,1,0,1,0,0,0,0,0,0,1,
21,1,22,0,0,0,22,0,0,1,0,1,1,0,0,0,0,0,1,0,
45,0,0,1,0,1,0,0,1,0,0,1,1,0,0,0,0,0,1,0,
25,9,1,1,1,1,0,1,0,0,0,1,0,0,1,0,0,0,1,0,
39,0,1,1,1,1,1,1,0,0,1,0,0,0,1,0,0,0,1,0,
52,3,1,0,0,0,13,0,1,0,0,1,0,0,0,1,0,0,1,0,
50,0,0,0,0,0,0,0,1,0,0,1,0,0,0,1,0,0,0,1,
42,1,2,0,0,0,1,1,0,0,0,1,0,0,0,0,0,1,1,0,
35,3,0,0,0,0,1,1,0,0,0,1,0,0,1,0,0,0,1,0,
36,0,0,0,0,0,0,1,0,0,1,0,1,0,0,0,0,0,0,1,
59,1,1,0,0,0,0,0,1,0,0,1,0,0,0,1,0,0,0,1,
30,1,1,0,0,0,0,1,0,0,1,0,1,0,0,0,0,0,1,0,
34,2,1,1,0,1,0,1,0,0,0,1,0,0,1,0,0,0,1,0,
43,9,1,1,1,1,0,1,0,0,0,1,1,0,0,0,0,0,1,0,
63,0,1,0,0,0,0,0,1,0,0,1,0,0,1,0,0,0,1,0,
22,0,4,0,0,0,1,0,0,1,0,1,0,0,1,0,0,0,0,1,
27,1,1,0,0,0,5,1,0,0,0,1,1,0,0,0,0,0,1,0,
41,5,1,0,0,0,1,1,0,0,0,1,0,0,1,0,0,0,1,0,
57,1,1,0,0,0,1,0,1,0,0,1,1,0,0,0,0,0,1,0,
20,0,0,1,0,1,0,0,0,1,0,1,1,0,0,0,0,0,1,0,
62,4,1,0,0,0,0,0,1,0,0,1,1,0,0,0,0,0,1,0,
22,0,1,1,0,1,0,0,0,1,0,1,0,0,0,0,1,0,0,1,
27,3,32,1,0,1,1,1,0,0,1,0,1,0,0,0,0,0,1,0,
21,0,1,1,0,1,3,0,0,1,0,1,1,0,0,0,0,0,1,0,
21,1,1,0,0,0,1,0,0,1,0,1,1,0,0,0,0,0,0,1,
47,2,1,0,0,0,1,0,1,0,0,1,0,0,1,0,0,0,1,0,
25,2,1,0,0,0,0,1,0,0,0,1,1,0,0,0,0,0,1,0,
39,8,1,0,0,0,40,1,0,0,0,1,1,0,0,0,0,0,1,0,
33,0,1,0,0,0,0,1,0,0,0,1,0,0,0,0,0,1,0,1,
41,0,1,1,0,1,1,1,0,0,0,1,0,0,1,0,0,0,1,0,
34,2,0,1,0,0,25,1,0,0,0,1,1,0,0,0,0,0,0,1,
25,0,0,1,0,1,1,1,0,0,0,1,1,0,0,0,0,0,1,0,
51,0,1,0,0,0,0,0,1,0,1,0,0,0,1,0,0,0,0,1,
51,3,0,0,0,0,1,0,1,0,0,1,1,0,0,0,0,0,1,0,
30,14,27,1,0,1,22,1,0,0,0,1,1,0,0,0,0,0,1,0,
54,2,1,0,0,0,0,0,1,0,1,0,0,0,0,1,0,0,0,1,
46,4,5,0,0,0,2,0,1,0,0,1,0,0,1,0,0,0,1,0,
37,8,8,1,0,1,0,1,0,0,0,1,0,0,0,1,0,0,1,0,
36,1,1,0,0,0,0,1,0,0,1,0,0,0,0,0,0,1,0,1,
30,0,0,1,0,1,0,1,0,0,0,1,1,0,0,0,0,0,1,0,
24,2,0,1,0,1,0,0,0,1,0,1,1,0,0,0,0,0,0,1,
30,13,1,1,1,1,1,1,0,0,0,1,0,0,0,0,0,1,1,0,
26,1,0,1,0,1,8,1,0,0,0,1,0,0,1,0,0,0,1,0,
42,1,1,1,1,1,0,1,0,0,0,1,0,0,1,0,0,0,0,1,
42,16,1,0,0,0,24,1,0,0,1,0,1,0,0,0,0,0,1,0,
21,0,1,0,0,0,5,0,0,1,0,1,0,0,0,0,0,1,1,0,
20,1,32,1,0,1,1,0,0,1,0,1,0,0,1,0,0,0,1,0,
22,0,1,0,0,0,1,0,0,1,0,1,1,0,0,0,0,0,1,0,
34,4,0,0,0,0,1,1,0,0,0,1,0,0,1,0,0,0,1,0,
26,4,1,1,1,1,1,1,0,0,0,1,1,0,0,0,0,0,0,1,
27,6,117,1,0,1,3,1,0,0,0,1,0,0,1,0,0,0,1,0,
37,3,1,1,0,1,0,1,0,0,0,1,1,0,0,0,0,0,0,1,
35,0,1,0,0,0,2,1,0,0,0,1,0,0,0,0,0,1,1,0,
20,3,1,1,0,0,0,0,0,1,1,0,1,0,0,0,0,0,0,1,
37,8,1,0,0,0,1,1,0,0,0,1,1,0,0,0,0,0,1,0,
30,8,1,1,0,1,1,1,0,0,0,1,1,0,0,0,0,0,1,0,
63,1,1,0,0,0,1,0,1,0,0,1,1,0,0,0,0,0,1,0,
44,0,1,0,0,0,1,1,0,0,0,1,1,0,0,0,0,0,1,0,
29,1,0,0,0,0,2,1,0,0,0,1,0,0,0,1,0,0,1,0,
69,0,1,0,0,0,0,0,1,0,0,1,0,0,0,1,0,0,0,1,
33,1,4,0,0,0,3,1,0,0,0,1,0,0,1,0,0,0,1,0,
31,0,1,0,0,0,4,1,0,0,1,0,0,0,1,0,0,0,0,1,
33,0,0,0,0,0,40,1,0,0,0,1,1,0,0,0,0,0,1,0,
22,0,1,1,0,1,0,0,0,1,1,0,1,0,0,0,0,0,0,1,
24,1,1,0,0,0,0,0,0,1,0,1,1,0,0,0,0,0,1,0,
20,0,3,0,0,0,0,0,0,1,0,1,0,0,1,0,0,0,1,0,
23,0,1,0,0,0,1,0,0,1,0,1,1,0,0,0,0,0,1,0,
24,0,0,0,0,0,0,0,0,1,0,1,0,0,1,0,0,0,1,0,
60,1,1,0,0,0,0,0,1,0,0,1,1,0,0,0,0,0,1,0,
25,0,1,0,0,0,0,1,0,0,1,0,1,0,0,0,0,0,0,1,
25,4,102,1,0,1,0,1,0,0,0,1,1,0,0,0,0,0,1,0,
42,17,1,1,0,1,51,1,0,0,0,1,1,0,0,0,0,0,0,1,
25,0,1,1,1,1,0,1,0,0,0,1,0,0,1,0,0,0,1,0,
51,5,0,0,0,0,32,0,1,0,1,0,0,0,1,0,0,0,1,0,
64,2,47,0,0,0,1,0,1,0,1,0,0,0,1,0,0,0,0,1,
41,4,100,1,0,1,9,1,0,0,1,0,1,0,0,0,0,0,1,0,
31,0,0,0,0,0,0,1,0,0,0,1,1,0,0,0,0,0,1,0,
21,0,5,0,0,0,0,0,0,1,0,1,0,0,0,1,0,0,1,0,
44,2,2,0,0,0,1,1,0,0,0,1,0,0,1,0,0,0,0,1,
49,1,26,0,0,0,0,0,1,0,1,0,0,0,1,0,0,0,0,1,
37,0,1,1,1,1,0,1,0,0,0,1,1,0,0,0,0,0,1,0,
37,0,1,0,0,0,1,1,0,0,0,1,0,0,1,0,0,0,0,1,
53,1,1,0,0,0,0,0,1,0,0,1,1,0,0,0,0,0,0,1,
21,3,8,0,0,0,5,0,0,1,0,1,0,0,1,0,0,0,0,1,
56,0,1,0,0,0,1,0,1,0,0,1,0,0,1,0,0,0,1,0,
25,2,1,1,0,1,0,1,0,0,0,1,0,0,0,0,0,1,0,1,
54,12,175,0,0,0,170,0,1,0,1,0,0,0,1,0,0,0,1,0,
44,0,1,1,0,1,1,1,0,0,0,1,0,0,1,0,0,0,1,0,
23,1,40,0,0,0,40,0,0,1,0,1,0,0,1,0,0,0,1,0,
56,17,41,1,1,1,23,0,1,0,0,1,0,0,1,0,0,0,1,0,
47,15,60,0,0,0,60,0,1,0,0,1,1,0,0,0,0,0,1,0,
47,21,1,1,0,1,21,0,1,0,1,0,1,0,0,0,0,0,0,1,
43,4,0,1,1,1,0,1,0,0,0,1,1,0,0,0,0,0,0,1,
25,11,1,1,0,1,29,1,0,0,0,1,1,0,0,0,0,0,0,1,
43,1,1,0,0,0,1,1,0,0,0,1,0,0,1,0,0,0,1,0,
41,2,0,0,0,0,0,1,0,0,0,1,1,0,0,0,0,0,1,0,
22,1,0,1,0,1,5,0,0,1,0,1,1,0,0,0,0,0,1,0,
37,1,3,1,0,1,0,1,0,0,0,1,1,0,0,0,0,0,0,1,
25,10,1,1,0,1,7,1,0,0,0,1,0,0,0,1,0,0,1,0,
21,0,1,1,0,1,1,0,0,1,0,1,1,0,0,0,0,0,1,0,
27,0,1,0,0,0,0,1,0,0,0,1,0,0,1,0,0,0,0,1,
55,1,43,0,0,0,43,0,1,0,0,1,1,0,0,0,0,0,1,0,
49,1,1,1,1,0,10,0,1,0,0,1,1,0,0,0,0,0,0,1,
32,0,0,1,1,1,1,1,0,0,1,0,1,0,0,0,0,0,0,1,
56,0,1,0,0,0,0,0,1,0,0,1,0,0,0,1,0,0,0,1,
39,8,197,1,0,1,4,1,0,0,0,1,1,0,0,0,0,0,1,0,
68,0,1,0,0,0,3,0,1,0,0,1,0,0,1,0,0,0,0,1,
20,4,14,1,1,1,376,0,0,1,0,1,1,0,0,0,0,0,1,0,
50,2,0,0,0,0,0,0,1,0,0,1,0,0,1,0,0,0,0,1,
37,1,1,0,0,0,1,1,0,0,1,0,0,0,1,0,0,0,1,0,
31,1,75,0,0,0,3,1,0,0,0,1,0,0,0,1,0,0,0,1,
35,17,1,1,1,1,2,1,0,0,0,1,1,0,0,0,0,0,0,1,
31,0,1,0,0,0,0,1,0,0,0,1,0,0,1,0,0,0,0,1,
43,0,1,1,0,1,0,1,0,0,0,1,1,0,0,0,0,0,1,0,
34,2,1,1,0,1,9,1,0,0,0,1,0,0,0,1,0,0,1,0,
52,2,5,0,0,0,3,0,1,0,0,1,1,0,0,0,0,0,1,0,
25,2,23,0,0,0,18,1,0,0,0,1,1,0,0,0,0,0,1,0,
62,0,2,0,0,0,1,0,1,0,0,1,0,0,0,1,0,0,0,1,
32,0,1,0,0,0,0,1,0,0,0,1,0,0,0,0,0,1,1,0,
24,0,0,0,0,0,15,0,0,1,0,1,0,0,1,0,0,0,1,0,
22,1,0,0,0,0,1,0,0,1,0,1,1,0,0,0,0,0,1,0,
26,0,1,0,0,0,0,1,0,0,1,0,1,0,0,0,0,0,0,1,
25,2,210,1,0,1,408,1,0,0,1,0,1,0,0,0,0,0,1,0,
22,2,0,1,0,1,6,0,0,1,0,1,1,0,0,0,0,0,1,0,
46,3,1,0,0,0,1,0,1,0,0,1,1,0,0,0,0,0,1,0,
21,0,0,1,0,1,0,0,0,1,0,1,1,0,0,0,0,0,1,0,
48,1,1,0,0,0,0,0,1,0,0,1,0,0,1,0,0,0,1,0,
33,18,0,1,0,1,1,1,0,0,0,1,1,0,0,0,0,0,1,0,
58,0,1,0,0,0,1,0,1,0,0,1,1,0,0,0,0,0,0,1,
53,1,8,1,0,1,2,0,1,0,0,1,0,0,0,1,0,0,0,1,
26,1,0,1,0,1,1,1,0,0,0,1,0,0,1,0,0,0,1,0,
51,6,11,1,0,1,18,0,1,0,0,1,0,0,1,0,0,0,0,1,
35,3,0,0,0,0,0,1,0,0,1,0,0,0,1,0,0,0,1,0,
28,10,15,1,0,1,3,1,0,0,1,0,1,0,0,0,0,0,0,1,
34,0,1,1,1,0,0,1,0,0,0,1,0,0,1,0,0,0,1,0,
43,3,1,1,0,1,1,1,0,0,0,1,1,0,0,0,0,0,1,0,
43,0,1,1,0,1,1,1,0,0,0,1,1,0,0,0,0,0,1,0,
46,4,0,0,0,0,1,0,1,0,0,1,0,0,1,0,0,0,1,0,
67,0,1,1,0,1,24,0,1,0,0,1,0,0,1,0,0,0,1,0,
53,0,1,0,0,0,0,0,1,0,1,0,0,0,1,0,0,0,0,1,
33,0,2,0,0,0,0,1,0,0,0,1,0,0,1,0,0,0,0,1,
41,8,0,1,0,1,65,1,0,0,1,0,1,0,0,0,0,0,1,0,
29,2,1,0,0,0,0,1,0,0,0,1,1,0,0,0,0,0,0,1,
26,3,0,1,0,1,33,1,0,0,0,1,1,0,0,0,0,0,1,0,
23,0,1,0,0,0,3,0,0,1,0,1,1,0,0,0,0,0,1,0,
30,1,1,0,0,0,1,1,0,0,0,1,0,0,1,0,0,0,1,0,
30,4,1,0,0,0,29,1,0,0,1,0,0,0,1,0,0,0,1,0,
30,3,1,1,0,0,0,1,0,0,0,1,1,0,0,0,0,0,1,0,
34,1,1,0,0,0,4,1,0,0,0,1,0,0,0,1,0,0,1,0,
21,0,1,0,0,0,0,0,0,1,0,1,1,0,0,0,0,0,0,1,
24,0,1,0,0,0,0,0,0,1,1,0,1,0,0,0,0,0,1,0,
26,3,0,1,0,1,0,1,0,0,0,1,1,0,0,0,0,0,1,0,
22,1,1,1,0,1,1,0,0,1,0,1,1,0,0,0,0,0,1,0,
20,1,1,1,0,1,0,0,0,1,0,1,1,0,0,0,0,0,1,0,
22,2,1,0,0,0,0,0,0,1,1,0,0,0,1,0,0,0,1,0,
39,1,1,0,0,0,0,1,0,0,0,1,0,0,0,0,0,1,0,1,
21,0,523,1,0,1,117,0,0,1,0,1,1,0,0,0,0,0,1,0,
27,2,1,1,0,1,1,1,0,0,0,1,1,0,0,0,0,0,1,0,
24,2,1,1,0,1,0,0,0,1,0,1,1,0,0,0,0,0,1,0,
26,0,1,0,0,0,1,1,0,0,1,0,1,0,0,0,0,0,0,1,
29,1,1,1,1,1,3,1,0,0,0,1,1,0,0,0,0,0,1,0,
24,0,0,0,0,0,1,0,0,1,0,1,0,0,0,1,0,0,1,0,
26,0,1,0,0,0,0,1,0,0,0,1,1,0,0,0,0,0,1,0,
48,4,6,1,0,1,1,0,1,0,1,0,0,0,0,1,0,0,1,0,
29,6,0,1,0,1,0,1,0,0,0,1,1,0,0,0,0,0,1,0,
32,19,1,1,0,1,1,1,0,0,0,1,1,0,0,0,0,0,1,0,
27,8,1,0,0,0,68,1,0,0,0,1,0,0,1,0,0,0,1,0,
31,6,1,1,1,1,1,1,0,0,0,1,0,0,1,0,0,0,1,0,
41,0,1,0,0,0,3,1,0,0,0,1,0,0,1,0,0,0,1,0,
57,1,1,0,0,0,1,0,1,0,0,1,0,0,1,0,0,0,0,1,
36,14,1,1,0,1,0,1,0,0,0,1,1,0,0,0,0,0,1,0,
28,0,0,0,0,0,1,1,0,0,0,1,1,0,0,0,0,0,1,0,
21,0,0,1,1,1,4,0,0,1,0,1,0,0,1,0,0,0,1,0,
46,0,1,0,0,0,1,0,1,0,0,1,0,0,1,0,0,0,1,0,
22,1,0,1,0,1,0,0,0,1,0,1,1,0,0,0,0,0,1,0,
59,9,91,1,0,1,0,0,1,0,0,1,1,0,0,0,0,0,1,0,
22,2,0,1,0,1,0,0,0,1,0,1,1,0,0,0,0,0,1,0,
56,0,2,1,1,1,0,0,1,0,0,1,0,0,1,0,0,0,0,1,
34,4,1,0,0,0,0,1,0,0,0,1,1,0,0,0,0,0,0,1,
29,0,1,0,0,0,2,1,0,0,1,0,1,0,0,0,0,0,1,0,
24,1,0,1,0,1,0,0,0,1,0,1,1,0,0,0,0,0,1,0,
33,6,1,1,0,1,152,1,0,0,0,1,0,0,1,0,0,0,1,0,
21,0,1,0,0,0,1,0,0,1,0,1,1,0,0,0,0,0,1,0,
27,2,1,1,0,1,246,1,0,0,0,1,1,0,0,0,0,0,1,0,
30,1,0,0,0,0,0,1,0,0,0,1,1,0,0,0,0,0,0,1,
22,0,2,0,0,0,0,0,0,1,1,0,1,0,0,0,0,0,1,0,
31,0,1,0,0,0,0,1,0,0,0,1,0,0,0,1,0,0,0,1,
26,11,64,1,1,1,241,1,0,0,0,1,0,0,0,0,1,0,1,0,
21,0,1,1,1,1,1,0,0,1,0,1,0,0,0,0,0,1,1,0,
52,7,1,1,1,1,117,0,1,0,0,1,1,0,0,0,0,0,1,0,
30,4,1,0,0,0,1,1,0,0,0,1,1,0,0,0,0,0,0,1,
33,0,1,0,0,0,53,1,0,0,0,1,0,0,1,0,0,0,1,0,
40,0,1,0,0,0,2,1,0,0,0,1,1,0,0,0,0,0,0,1,
31,2,1,0,0,0,0,1,0,0,0,1,1,0,0,0,0,0,1,0,
58,16,47,1,0,0,29,0,1,0,0,1,1,0,0,0,0,0,1,0,
59,0,1,0,0,0,1,0,1,0,0,1,0,0,1,0,0,0,0,1,
23,0,1,1,1,1,1,0,0,1,0,1,0,0,0,1,0,0,0,1,
46,2,1,0,0,0,19,0,1,0,1,0,0,0,1,0,0,0,1,0,
53,11,1,0,0,0,110,0,1,0,0,1,1,0,0,0,0,0,1,0,
21,1,1,1,0,1,0,0,0,1,0,1,1,0,0,0,0,0,1,0,
40,1,1,0,0,0,75,1,0,0,0,1,1,0,0,0,0,0,1,0,
45,21,1,1,0,1,1,0,1,0,0,1,0,0,1,0,0,0,1,0,
58,10,0,1,0,0,0,0,1,0,0,1,0,0,1,0,0,0,0,1,
24,1,1,1,1,1,1,0,0,1,0,1,1,0,0,0,0,0,0,1,
35,3,1,1,0,0,1,1,0,0,0,1,0,0,1,0,0,0,0,1,
61,15,10,0,0,0,0,0,1,0,1,0,0,0,1,0,0,0,1,0,
32,0,0,0,0,0,1,1,0,0,0,1,1,0,0,0,0,0,1,0,
38,4,1,0,0,0,0,1,0,0,0,1,1,0,0,0,0,0,0,1,
54,1,48,0,0,0,26,0,1,0,1,0,0,0,1,0,0,0,0,1,
25,2,0,0,0,0,1,1,0,0,0,1,0,0,1,0,0,0,0,1,
33,4,1,1,0,1,1,1,0,0,0,1,1,0,0,0,0,0,1,0,
22,6,1,0,0,0,1,0,0,1,0,1,1,0,0,0,0,0,1,0,
20,0,1,0,0,0,0,0,0,1,1,0,1,0,0,0,0,0,0,1,
35,0,1,1,0,1,1,1,0,0,1,0,1,0,0,0,0,0,1,0,
47,0,0,0,0,0,1,0,1,0,1,0,0,0,0,1,0,0,0,1,
30,5,1,1,0,1,62,1,0,0,0,1,0,0,0,0,0,1,1,0,
34,0,0,1,0,1,2,1,0,0,1,0,0,0,1,0,0,0,0,1,
35,7,86,1,0,1,76,1,0,0,0,1,0,0,1,0,0,0,1,0,
28,1,9,0,0,0,8,1,0,0,0,1,0,0,0,1,0,0,1,0,
20,0,1,1,0,1,0,0,0,1,1,0,0,0,1,0,0,0,0,1,
36,4,232,1,0,1,103,1,0,0,1,0,0,0,1,0,0,0,1,0,
50,5,91,0,0,0,91,0,1,0,0,1,0,0,0,0,0,1,1,0,
23,1,1,0,0,0,0,0,0,1,0,1,0,0,1,0,0,0,0,1,
49,0,1,1,0,0,0,0,1,0,0,1,1,0,0,0,0,0,0,1,
20,0,1,1,1,1,22,0,0,1,0,1,0,0,0,0,0,1,1,0,
55,13,1,1,0,1,0,0,1,0,0,1,0,0,1,0,0,0,1,0,
21,2,1,1,0,1,1,0,0,1,0,1,0,0,1,0,0,0,1,0,
34,9,1,1,0,1,0,1,0,0,0,1,1,0,0,0,0,0,1,0,
34,5,1,1,0,0,1,1,0,0,1,0,1,0,0,0,0,0,1,0,
30,18,0,1,0,1,1,1,0,0,0,1,1,0,0,0,0,0,0,1,
30,2,1,0,0,0,1,1,0,0,0,1,1,0,0,0,0,0,0,1,
51,16,122,0,0,0,66,0,1,0,1,0,1,0,0,0,0,0,1,0,
35,0,1,0,0,0,2,1,0,0,0,1,1,0,0,0,0,0,1,0,
50,0,1,0,0,0,2,0,1,0,0,1,0,0,1,0,0,0,1,0,
57,19,1,0,0,0,1,0,1,0,0,1,1,0,0,0,0,0,1,0,
33,16,2,1,0,1,0,1,0,0,0,1,1,0,0,0,0,0,1,0,
22,0,1,0,0,0,1,0,0,1,1,0,1,0,0,0,0,0,0,1,
26,1,1,1,0,1,22,1,0,0,0,1,1,0,0,0,0,0,1,0,
27,0,1,0,0,0,0,1,0,0,0,1,0,0,1,0,0,0,1,0,
25,0,1,0,0,0,0,1,0,0,0,1,0,0,1,0,0,0,0,1,
21,0,657,1,1,1,53,0,0,1,0,1,0,0,0,1,0,0,0,1,
53,10,1,1,0,1,4,0,1,0,1,0,1,0,0,0,0,0,1,0,
29,1,1,0,0,0,43,1,0,0,0,1,0,0,1,0,0,0,0,1,
33,2,1,0,0,0,14,1,0,0,1,0,0,0,1,0,0,0,1,0,
23,0,1,0,0,0,0,0,0,1,0,1,1,0,0,0,0,0,0,1,
69,0,1,0,0,0,0,0,1,0,0,1,0,0,0,0,0,1,1,0,
39,3,39,1,0,0,38,1,0,0,0,1,1,0,0,0,0,0,0,1,
44,9,28,0,0,0,25,1,0,0,0,1,1,0,0,0,0,0,1,0,
51,1,1,0,0,0,0,0,1,0,0,1,0,0,1,0,0,0,0,1,
24,0,1,0,0,0,2,0,0,1,0,1,1,0,0,0,0,0,1,0,
44,1,31,0,0,0,30,1,0,0,1,0,0,0,1,0,0,0,0,1,
56,9,0,0,0,0,0,0,1,0,0,1,1,0,0,0,0,0,0,1,
41,0,1,0,0,0,1,1,0,0,0,1,0,0,1,0,0,0,1,0,
43,0,0,0,0,0,0,1,0,0,0,1,0,0,1,0,0,0,0,1,
39,1,1,0,0,0,106,1,0,0,1,0,0,0,1,0,0,0,1,0,
36,1,1,1,0,1,6,1,0,0,1,0,1,0,0,0,0,0,1,0,
47,1,20,1,0,1,14,0,1,0,1,0,0,0,1,0,0,0,1,0,
27,0,4,0,0,0,0,1,0,0,1,0,0,0,1,0,0,0,1,0,
20,1,1,0,0,0,0,0,0,1,0,1,0,0,1,0,0,0,1,0,
40,4,0,1,0,1,5,1,0,0,1,0,0,0,0,1,0,0,1,0,
47,14,1,0,0,0,31,0,1,0,0,1,1,0,0,0,0,0,0,1,
41,3,1,0,0,0,1,1,0,0,0,1,0,0,0,1,0,0,1,0,
23,1,1,0,0,0,0,0,0,1,0,1,1,0,0,0,0,0,1,0,
57,11,376,1,0,1,320,0,1,0,0,1,1,0,0,0,0,0,1,0,
21,0,1,1,0,1,0,0,0,1,0,1,0,0,0,1,0,0,1,0,
60,9,1,0,0,0,0,0,1,0,0,1,1,0,0,0,0,0,1,0,
29,0,0,1,1,1,5,1,0,0,0,1,0,0,1,0,0,0,0,1,
61,0,4,0,0,0,0,0,1,0,0,1,0,0,1,0,0,0,0,1,
22,0,0,0,0,0,1,0,0,1,1,0,1,0,0,0,0,0,1,0,
39,0,1,0,0,0,5,1,0,0,0,1,0,0,1,0,0,0,1,0,
23,2,1,1,0,1,0,0,0,1,0,1,1,0,0,0,0,0,0,1,
35,6,1,1,1,1,10,1,0,0,0,1,1,0,0,0,0,0,1,0,
47,1,1,0,0,0,0,0,1,0,0,1,0,0,1,0,0,0,0,1,
25,1,1,0,0,0,0,1,0,0,0,1,0,0,1,0,0,0,1,0,
23,2,1,0,0,0,18,0,0,1,0,1,1,0,0,0,0,0,1,0,
21,0,1,0,0,0,0,0,0,1,0,1,1,0,0,0,0,0,1,0,
30,3,1,1,1,1,12,1,0,0,0,1,0,0,1,0,0,0,1,0,
49,1,1,0,0,0,0,0,1,0,1,0,1,0,0,0,0,0,1,0,
53,6,1,1,0,1,10,0,1,0,1,0,0,0,1,0,0,0,1,0,
27,0,0,0,0,0,0,1,0,0,0,1,1,0,0,0,0,0,0,1,
52,2,1,1,0,1,33,0,1,0,0,1,1,0,0,0,0,0,1,0,
56,4,50,1,1,1,1,0,1,0,0,1,1,0,0,0,0,0,0,1,
50,2,32,0,0,0,1,0,1,0,0,1,0,0,1,0,0,0,1,0,
48,6,26,0,0,0,5,0,1,0,0,1,0,0,1,0,0,0,1,0,
27,1,0,1,0,1,0,1,0,0,1,0,1,0,0,0,0,0,1,0,
44,0,1,1,1,1,0,1,0,0,0,1,0,0,0,1,0,0,0,1,
20,0,4,0,0,0,3,0,0,1,0,1,1,0,0,0,0,0,1,0,
23,1,0,0,0,0,0,0,0,1,0,1,1,0,0,0,0,0,1,0,
56,13,59,0,0,0,39,0,1,0,0,1,0,0,1,0,0,0,0,1,
52,2,1,1,0,1,1,0,1,0,1,0,1,0,0,0,0,0,1,0,
27,8,1,1,0,1,1,1,0,0,0,1,0,0,0,1,0,0,1,0,
57,8,1,1,1,0,5,0,1,0,0,1,1,0,0,0,0,0,0,1,
37,2,13,0,0,0,7,1,0,0,0,1,1,0,0,0,0,0,1,0,
20,0,1,1,0,1,1,0,0,1,0,1,1,0,0,0,0,0,0,1,
21,0,0,0,0,0,0,0,0,1,0,1,0,0,1,0,0,0,1,0,
35,0,1,0,0,0,0,1,0,0,0,1,0,0,1,0,0,0,0,1,
58,3,0,1,0,1,15,0,1,0,0,1,0,0,1,0,0,0,1,0,
38,11,1,0,0,0,18,1,0,0,0,1,1,0,0,0,0,0,1,0,
44,2,1,0,0,0,2,1,0,0,0,1,1,0,0,0,0,0,1,0,
29,7,0,1,0,0,2,1,0,0,0,1,1,0,0,0,0,0,1,0,
49,3,1,0,0,0,0,0,1,0,1,0,0,0,1,0,0,0,1,0,
36,8,150,1,1,1,22,1,0,0,0,1,0,0,1,0,0,0,1,0,
29,0,1,0,0,0,0,1,0,0,0,1,0,0,1,0,0,0,0,1,
31,1,1,1,0,1,39,1,0,0,0,1,0,0,1,0,0,0,1,0,
27,6,841,0,0,0,119,1,0,0,0,1,1,0,0,0,0,0,1,0,
61,29,50,1,0,1,18,0,1,0,0,1,1,0,0,0,0,0,1,0,
24,6,0,1,0,1,45,0,0,1,0,1,1,0,0,0,0,0,1,0,
26,24,0,1,1,1,0,1,0,0,0,1,1,0,0,0,0,0,1,0,
47,3,1,1,0,1,5,0,1,0,0,1,0,0,0,1,0,0,0,1,
24,1,1,0,0,0,1,0,0,1,0,1,0,0,0,0,0,1,1,0,
34,2,49,1,1,1,41,1,0,0,1,0,0,0,1,0,0,0,1,0,
32,6,55,1,1,1,34,1,0,0,0,1,1,0,0,0,0,0,1,0,
27,13,59,1,1,1,57,1,0,0,0,1,0,0,1,0,0,0,1,0,
33,1,0,0,0,0,1,1,0,0,0,1,1,0,0,0,0,0,1,0,
41,0,0,0,0,0,0,1,0,0,0,1,0,0,1,0,0,0,0,1,
21,1,2,0,0,0,0,0,0,1,0,1,1,0,0,0,0,0,1,0,
50,1,1,1,0,1,0,0,1,0,1,0,0,0,1,0,0,0,0,1,
24,2,1,1,0,1,1,0,0,1,0,1,1,0,0,0,0,0,0,1,
29,0,0,1,1,1,3,1,0,0,0,1,0,0,0,1,0,0,0,1,
23,3,1,1,0,1,3,0,0,1,0,1,0,0,0,1,0,0,1,0,
44,0,1,0,0,0,1,1,0,0,0,1,0,0,1,0,0,0,1,0,
35,4,309,0,0,0,6,1,0,0,0,1,1,0,0,0,0,0,0,1,
27,1,0,0,0,0,1,1,0,0,0,1,0,0,1,0,0,0,1,0,
25,2,63,0,0,0,42,1,0,0,0,1,0,0,1,0,0,0,1,0,
23,0,1,0,0,0,2,0,0,1,0,1,0,0,1,0,0,0,1,0,
57,12,0,0,0,0,3,0,1,0,0,1,0,0,1,0,0,0,0,1,
27,11,1,1,0,1,223,1,0,0,0,1,1,0,0,0,0,0,1,0,
45,1,1,0,0,0,2,0,1,0,0,1,1,0,0,0,0,0,1,0,
31,10,1,1,0,1,4,1,0,0,0,1,1,0,0,0,0,0,1,0,
27,9,1,1,1,1,52,1,0,0,0,1,1,0,0,0,0,0,1,0,
37,3,1,0,0,0,28,1,0,0,1,0,1,0,0,0,0,0,1,0,
23,2,1,1,0,1,1,0,0,1,1,0,1,0,0,0,0,0,1,0,
23,2,1,0,0,0,0,0,0,1,0,1,1,0,0,0,0,0,1,0,
40,5,1,0,0,0,0,1,0,0,0,1,0,0,1,0,0,0,1,0,
32,5,1,1,0,1,0,1,0,0,0,1,1,0,0,0,0,0,1,0,
26,4,1,1,0,0,0,1,0,0,0,1,1,0,0,0,0,0,1,0,
61,5,13,0,0,0,12,0,1,0,0,1,1,0,0,0,0,0,1,0,
28,0,0,1,0,1,2,1,0,0,0,1,0,0,0,1,0,0,0,1,
24,1,1,1,1,1,1,0,0,1,0,1,1,0,0,0,0,0,0,1,
57,1,0,0,0,0,19,0,1,0,0,1,0,0,0,1,0,0,1,0,
32,2,0,0,0,0,109,1,0,0,0,1,1,0,0,0,0,0,0,1,
45,0,5,0,0,0,1,0,1,0,0,1,0,0,1,0,0,0,1,0,
24,0,0,0,0,0,1,0,0,1,0,1,1,0,0,0,0,0,0,1,
33,1,1,0,0,0,84,1,0,0,1,0,0,0,1,0,0,0,1,0,
24,7,1,1,0,1,199,0,0,1,0,1,1,0,0,0,0,0,1,0,
48,18,48,1,0,1,134,0,1,0,0,1,0,0,1,0,0,0,1,0,
28,3,1,0,0,0,50,1,0,0,0,1,0,0,1,0,0,0,1,0,
51,14,11,0,0,0,7,0,1,0,0,1,1,0,0,0,0,0,1,0,
35,4,1,0,0,0,11,1,0,0,0,1,1,0,0,0,0,0,1,0,
31,14,1,0,0,0,1,1,0,0,1,0,1,0,0,0,0,0,1,0,
44,0,0,0,0,0,1,1,0,0,0,1,0,0,1,0,0,0,0,1,
62,0,0,0,0,0,0,0,1,0,0,1,1,0,0,0,0,0,0,1,
32,1,3,0,0,0,0,1,0,0,1,0,0,0,0,1,0,0,1,0,
32,1,41,1,0,1,28,1,0,0,1,0,0,0,1,0,0,0,0,1,
36,2,2,1,0,0,1,1,0,0,0,1,1,0,0,0,0,0,1,0,
20,0,1,1,1,1,1,0,0,1,1,0,1,0,0,0,0,0,0,1,
24,3,1,1,0,0,75,0,0,1,0,1,1,0,0,0,0,0,1,0,
34,9,1,1,1,1,0,1,0,0,0,1,1,0,0,0,0,0,0,1,
39,7,114,0,0,0,178,1,0,0,1,0,1,0,0,0,0,0,1,0,
37,4,0,1,1,1,0,1,0,0,0,1,0,0,1,0,0,0,0,1,
59,0,1,0,0,0,0,0,1,0,0,1,0,0,1,0,0,0,1,0,
31,2,1,1,0,1,176,1,0,0,1,0,1,0,0,0,0,0,1,0,
35,0,1,0,0,0,0,1,0,0,1,0,1,0,0,0,0,0,0,1,
27,2,36,0,0,0,36,1,0,0,0,1,0,0,1,0,0,0,0,1,
27,13,1,1,0,1,0,1,0,0,0,1,1,0,0,0,0,0,1,0,
28,2,1,1,1,1,1,1,0,0,0,1,0,0,0,1,0,0,1,0,
33,28,1,1,0,1,1,1,0,0,0,1,1,0,0,0,0,0,1,0,
40,4,1,1,0,1,15,1,0,0,0,1,0,0,0,0,0,1,1,0,
24,1,1,0,0,0,0,0,0,1,1,0,0,0,1,0,0,0,1,0,
23,6,0,1,1,1,1,0,0,1,0,1,1,0,0,0,0,0,1,0,
34,0,0,1,0,1,0,1,0,0,0,1,1,0,0,0,0,0,0,1,
